year_dec,kind,sales_bn
1992.0,Department stores,14.134
1992.0,Online & other nonstore,5.416
1992.0,Clothing stores,9.459
1992.0,Grocery stores,27.465
1992.0,Electronics & appliance,3.743
1992.0,"Sporting goods, hobby, books",3.103
1992.0,Furniture stores,4.087
1992.0,Building materials & garden,10.698
1992.0,Health & personal care,7.313
1992.0,Motor vehicles & parts,32.679
1992.0,Gas stations,12.652
1992.0833,Department stores,14.472
1992.0833,Online & other nonstore,5.096
1992.0833,Clothing stores,9.444
1992.0833,Grocery stores,27.352
1992.0833,Electronics & appliance,3.782
1992.0833,"Sporting goods, hobby, books",3.228
1992.0833,Furniture stores,4.177
1992.0833,Building materials & garden,10.842
1992.0833,Health & personal care,7.364
1992.0833,Motor vehicles & parts,32.806
1992.0833,Gas stations,12.399
1992.1667,Department stores,14.543
1992.1667,Online & other nonstore,5.038
1992.1667,Clothing stores,9.325
1992.1667,Grocery stores,27.338
1992.1667,Electronics & appliance,3.773
1992.1667,"Sporting goods, hobby, books",3.249
1992.1667,Furniture stores,4.172
1992.1667,Building materials & garden,10.876
1992.1667,Health & personal care,7.356
1992.1667,Motor vehicles & parts,32.453
1992.1667,Gas stations,12.45
1992.25,Department stores,14.529
1992.25,Online & other nonstore,5.372
1992.25,Clothing stores,9.61
1992.25,Grocery stores,27.471
1992.25,Electronics & appliance,3.835
1992.25,"Sporting goods, hobby, books",3.278
1992.25,Furniture stores,4.182
1992.25,Building materials & garden,10.666
1992.25,Health & personal care,7.423
1992.25,Motor vehicles & parts,32.951
1992.25,Gas stations,12.507
1992.3333,Department stores,14.634
1992.3333,Online & other nonstore,5.573
1992.3333,Clothing stores,9.477
1992.3333,Grocery stores,27.589
1992.3333,Electronics & appliance,3.85
1992.3333,"Sporting goods, hobby, books",3.305
1992.3333,Furniture stores,4.159
1992.3333,Building materials & garden,10.657
1992.3333,Health & personal care,7.395
1992.3333,Motor vehicles & parts,33.197
1992.3333,Gas stations,12.679
1992.4167,Department stores,14.597
1992.4167,Online & other nonstore,5.68
1992.4167,Clothing stores,9.622
1992.4167,Grocery stores,27.586
1992.4167,Electronics & appliance,3.843
1992.4167,"Sporting goods, hobby, books",3.357
1992.4167,Furniture stores,4.239
1992.4167,Building materials & garden,10.715
1992.4167,Health & personal care,7.323
1992.4167,Motor vehicles & parts,33.912
1992.4167,Gas stations,12.696
1992.5,Department stores,14.469
1992.5,Online & other nonstore,5.875
1992.5,Clothing stores,9.709
1992.5,Grocery stores,27.891
1992.5,Electronics & appliance,3.993
1992.5,"Sporting goods, hobby, books",3.372
1992.5,Furniture stores,4.195
1992.5,Building materials & garden,10.66
1992.5,Health & personal care,7.194
1992.5,Motor vehicles & parts,34.599
1992.5,Gas stations,12.801
1992.5833,Department stores,14.729
1992.5833,Online & other nonstore,5.744
1992.5833,Clothing stores,9.886
1992.5833,Grocery stores,27.795
1992.5833,Electronics & appliance,3.922
1992.5833,"Sporting goods, hobby, books",3.359
1992.5833,Furniture stores,4.202
1992.5833,Building materials & garden,10.792
1992.5833,Health & personal care,7.471
1992.5833,Motor vehicles & parts,33.159
1992.5833,Gas stations,12.902
1992.6667,Department stores,14.816
1992.6667,Online & other nonstore,5.732
1992.6667,Clothing stores,9.833
1992.6667,Grocery stores,27.641
1992.6667,Electronics & appliance,3.952
1992.6667,"Sporting goods, hobby, books",3.383
1992.6667,Furniture stores,4.182
1992.6667,Building materials & garden,10.881
1992.6667,Health & personal care,7.322
1992.6667,Motor vehicles & parts,35.042
1992.6667,Gas stations,13.003
1992.75,Department stores,14.87
1992.75,Online & other nonstore,5.703
1992.75,Clothing stores,9.904
1992.75,Grocery stores,28.153
1992.75,Electronics & appliance,4.031
1992.75,"Sporting goods, hobby, books",3.413
1992.75,Furniture stores,4.13
1992.75,Building materials & garden,10.845
1992.75,Health & personal care,7.452
1992.75,Motor vehicles & parts,35.174
1992.75,Gas stations,13.14
1992.8333,Department stores,14.994
1992.8333,Online & other nonstore,5.704
1992.8333,Clothing stores,9.824
1992.8333,Grocery stores,27.791
1992.8333,Electronics & appliance,4.016
1992.8333,"Sporting goods, hobby, books",3.4
1992.8333,Furniture stores,4.193
1992.8333,Building materials & garden,10.723
1992.8333,Health & personal care,7.41
1992.8333,Motor vehicles & parts,34.964
1992.8333,Gas stations,13.196
1992.9167,Department stores,15.31
1992.9167,Online & other nonstore,5.638
1992.9167,Clothing stores,9.991
1992.9167,Grocery stores,27.76
1992.9167,Electronics & appliance,4.112
1992.9167,"Sporting goods, hobby, books",3.463
1992.9167,Furniture stores,4.26
1992.9167,Building materials & garden,10.729
1992.9167,Health & personal care,7.371
1992.9167,Motor vehicles & parts,35.563
1992.9167,Gas stations,13.235
1993.0,Department stores,15.334
1993.0,Online & other nonstore,5.739
1993.0,Clothing stores,10.278
1993.0,Grocery stores,27.746
1993.0,Electronics & appliance,4.281
1993.0,"Sporting goods, hobby, books",3.493
1993.0,Furniture stores,4.468
1993.0,Building materials & garden,11.217
1993.0,Health & personal care,7.437
1993.0,Motor vehicles & parts,36.088
1993.0,Gas stations,13.243
1993.0833,Department stores,15.119
1993.0833,Online & other nonstore,5.811
1993.0833,Clothing stores,9.889
1993.0833,Grocery stores,27.999
1993.0833,Electronics & appliance,4.208
1993.0833,"Sporting goods, hobby, books",3.4
1993.0833,Furniture stores,4.339
1993.0833,Building materials & garden,11.343
1993.0833,Health & personal care,7.566
1993.0833,Motor vehicles & parts,35.748
1993.0833,Gas stations,13.413
1993.1667,Department stores,14.985
1993.1667,Online & other nonstore,6.037
1993.1667,Clothing stores,9.601
1993.1667,Grocery stores,27.891
1993.1667,Electronics & appliance,4.265
1993.1667,"Sporting goods, hobby, books",3.455
1993.1667,Furniture stores,4.304
1993.1667,Building materials & garden,11.111
1993.1667,Health & personal care,7.509
1993.1667,Motor vehicles & parts,35.239
1993.1667,Gas stations,13.295
1993.25,Department stores,15.406
1993.25,Online & other nonstore,5.883
1993.25,Clothing stores,10.017
1993.25,Grocery stores,28.037
1993.25,Electronics & appliance,4.322
1993.25,"Sporting goods, hobby, books",3.536
1993.25,Furniture stores,4.392
1993.25,Building materials & garden,11.366
1993.25,Health & personal care,7.595
1993.25,Motor vehicles & parts,37.718
1993.25,Gas stations,13.402
1993.3333,Department stores,15.523
1993.3333,Online & other nonstore,6.081
1993.3333,Clothing stores,10.089
1993.3333,Grocery stores,28.028
1993.3333,Electronics & appliance,4.359
1993.3333,"Sporting goods, hobby, books",3.536
1993.3333,Furniture stores,4.473
1993.3333,Building materials & garden,11.599
1993.3333,Health & personal care,7.591
1993.3333,Motor vehicles & parts,37.792
1993.3333,Gas stations,13.345
1993.4167,Department stores,15.517
1993.4167,Online & other nonstore,5.892
1993.4167,Clothing stores,10.071
1993.4167,Grocery stores,27.91
1993.4167,Electronics & appliance,4.441
1993.4167,"Sporting goods, hobby, books",3.509
1993.4167,Furniture stores,4.446
1993.4167,Building materials & garden,11.571
1993.4167,Health & personal care,7.599
1993.4167,Motor vehicles & parts,37.925
1993.4167,Gas stations,13.25
1993.5,Department stores,15.757
1993.5,Online & other nonstore,6.014
1993.5,Clothing stores,10.29
1993.5,Grocery stores,28.358
1993.5,Electronics & appliance,4.49
1993.5,"Sporting goods, hobby, books",3.54
1993.5,Furniture stores,4.473
1993.5,Building materials & garden,11.656
1993.5,Health & personal care,7.672
1993.5,Motor vehicles & parts,39.345
1993.5,Gas stations,13.355
1993.5833,Department stores,15.775
1993.5833,Online & other nonstore,6.04
1993.5833,Clothing stores,10.094
1993.5833,Grocery stores,27.865
1993.5833,Electronics & appliance,4.488
1993.5833,"Sporting goods, hobby, books",3.544
1993.5833,Furniture stores,4.48
1993.5833,Building materials & garden,11.757
1993.5833,Health & personal care,7.61
1993.5833,Motor vehicles & parts,39.289
1993.5833,Gas stations,13.18
1993.6667,Department stores,15.785
1993.6667,Online & other nonstore,6.313
1993.6667,Clothing stores,10.263
1993.6667,Grocery stores,28.124
1993.6667,Electronics & appliance,4.579
1993.6667,"Sporting goods, hobby, books",3.561
1993.6667,Furniture stores,4.468
1993.6667,Building materials & garden,11.632
1993.6667,Health & personal care,7.673
1993.6667,Motor vehicles & parts,39.375
1993.6667,Gas stations,13.237
1993.75,Department stores,15.985
1993.75,Online & other nonstore,6.346
1993.75,Clothing stores,10.162
1993.75,Grocery stores,28.235
1993.75,Electronics & appliance,4.546
1993.75,"Sporting goods, hobby, books",3.556
1993.75,Furniture stores,4.499
1993.75,Building materials & garden,11.801
1993.75,Health & personal care,7.686
1993.75,Motor vehicles & parts,39.654
1993.75,Gas stations,13.614
1993.8333,Department stores,15.987
1993.8333,Online & other nonstore,6.6
1993.8333,Clothing stores,10.174
1993.8333,Grocery stores,28.271
1993.8333,Electronics & appliance,4.598
1993.8333,"Sporting goods, hobby, books",3.65
1993.8333,Furniture stores,4.528
1993.8333,Building materials & garden,12.198
1993.8333,Health & personal care,7.692
1993.8333,Motor vehicles & parts,41.141
1993.8333,Gas stations,13.589
1993.9167,Department stores,15.988
1993.9167,Online & other nonstore,6.438
1993.9167,Clothing stores,10.208
1993.9167,Grocery stores,28.365
1993.9167,Electronics & appliance,4.638
1993.9167,"Sporting goods, hobby, books",3.666
1993.9167,Furniture stores,4.523
1993.9167,Building materials & garden,12.19
1993.9167,Health & personal care,7.851
1993.9167,Motor vehicles & parts,41.939
1993.9167,Gas stations,13.49
1994.0,Department stores,16.036
1994.0,Online & other nonstore,6.749
1994.0,Clothing stores,10.165
1994.0,Grocery stores,28.283
1994.0,Electronics & appliance,4.713
1994.0,"Sporting goods, hobby, books",3.715
1994.0,Furniture stores,4.42
1994.0,Building materials & garden,12.185
1994.0,Health & personal care,7.806
1994.0,Motor vehicles & parts,41.231
1994.0,Gas stations,13.51
1994.0833,Department stores,16.203
1994.0833,Online & other nonstore,6.695
1994.0833,Clothing stores,10.314
1994.0833,Grocery stores,28.509
1994.0833,Electronics & appliance,4.803
1994.0833,"Sporting goods, hobby, books",3.807
1994.0833,Furniture stores,4.608
1994.0833,Building materials & garden,12.17
1994.0833,Health & personal care,7.648
1994.0833,Motor vehicles & parts,42.712
1994.0833,Gas stations,13.713
1994.1667,Department stores,16.663
1994.1667,Online & other nonstore,6.779
1994.1667,Clothing stores,10.502
1994.1667,Grocery stores,28.616
1994.1667,Electronics & appliance,4.901
1994.1667,"Sporting goods, hobby, books",3.839
1994.1667,Furniture stores,4.734
1994.1667,Building materials & garden,12.624
1994.1667,Health & personal care,7.829
1994.1667,Motor vehicles & parts,43.781
1994.1667,Gas stations,13.722
1994.25,Department stores,16.337
1994.25,Online & other nonstore,6.883
1994.25,Clothing stores,10.215
1994.25,Grocery stores,28.756
1994.25,Electronics & appliance,4.976
1994.25,"Sporting goods, hobby, books",3.791
1994.25,Furniture stores,4.747
1994.25,Building materials & garden,13.07
1994.25,Health & personal care,7.764
1994.25,Motor vehicles & parts,43.836
1994.25,Gas stations,13.722
1994.3333,Department stores,16.301
1994.3333,Online & other nonstore,6.778
1994.3333,Clothing stores,10.111
1994.3333,Grocery stores,28.558
1994.3333,Electronics & appliance,5.02
1994.3333,"Sporting goods, hobby, books",3.862
1994.3333,Furniture stores,4.804
1994.3333,Building materials & garden,12.91
1994.3333,Health & personal care,7.856
1994.3333,Motor vehicles & parts,43.238
1994.3333,Gas stations,13.59
1994.4167,Department stores,16.478
1994.4167,Online & other nonstore,6.915
1994.4167,Clothing stores,10.324
1994.4167,Grocery stores,28.956
1994.4167,Electronics & appliance,5.147
1994.4167,"Sporting goods, hobby, books",3.904
1994.4167,Furniture stores,4.832
1994.4167,Building materials & garden,12.825
1994.4167,Health & personal care,7.926
1994.4167,Motor vehicles & parts,43.525
1994.4167,Gas stations,13.902
1994.5,Department stores,16.543
1994.5,Online & other nonstore,6.991
1994.5,Clothing stores,10.377
1994.5,Grocery stores,28.768
1994.5,Electronics & appliance,5.206
1994.5,"Sporting goods, hobby, books",3.904
1994.5,Furniture stores,4.877
1994.5,Building materials & garden,13.017
1994.5,Health & personal care,8.005
1994.5,Motor vehicles & parts,43.05
1994.5,Gas stations,14.176
1994.5833,Department stores,16.635
1994.5833,Online & other nonstore,7.123
1994.5833,Clothing stores,10.545
1994.5833,Grocery stores,28.997
1994.5833,Electronics & appliance,5.27
1994.5833,"Sporting goods, hobby, books",4.011
1994.5833,Furniture stores,4.992
1994.5833,Building materials & garden,13.137
1994.5833,Health & personal care,8.048
1994.5833,Motor vehicles & parts,44.176
1994.5833,Gas stations,14.497
1994.6667,Department stores,16.676
1994.6667,Online & other nonstore,7.014
1994.6667,Clothing stores,10.403
1994.6667,Grocery stores,29.251
1994.6667,Electronics & appliance,5.343
1994.6667,"Sporting goods, hobby, books",4.043
1994.6667,Furniture stores,5.002
1994.6667,Building materials & garden,13.245
1994.6667,Health & personal care,8.086
1994.6667,Motor vehicles & parts,45.325
1994.6667,Gas stations,14.533
1994.75,Department stores,16.796
1994.75,Online & other nonstore,7.12
1994.75,Clothing stores,10.701
1994.75,Grocery stores,29.022
1994.75,Electronics & appliance,5.505
1994.75,"Sporting goods, hobby, books",4.08
1994.75,Furniture stores,5.082
1994.75,Building materials & garden,13.441
1994.75,Health & personal care,8.134
1994.75,Motor vehicles & parts,45.686
1994.75,Gas stations,14.565
1994.8333,Department stores,16.866
1994.8333,Online & other nonstore,7.036
1994.8333,Clothing stores,10.641
1994.8333,Grocery stores,29.051
1994.8333,Electronics & appliance,5.601
1994.8333,"Sporting goods, hobby, books",3.968
1994.8333,Furniture stores,5.02
1994.8333,Building materials & garden,13.3
1994.8333,Health & personal care,8.103
1994.8333,Motor vehicles & parts,46.294
1994.8333,Gas stations,14.676
1994.9167,Department stores,16.949
1994.9167,Online & other nonstore,7.095
1994.9167,Clothing stores,10.662
1994.9167,Grocery stores,29.198
1994.9167,Electronics & appliance,5.697
1994.9167,"Sporting goods, hobby, books",4.001
1994.9167,Furniture stores,5.076
1994.9167,Building materials & garden,13.53
1994.9167,Health & personal care,8.173
1994.9167,Motor vehicles & parts,45.77
1994.9167,Gas stations,14.757
1995.0,Department stores,17.205
1995.0,Online & other nonstore,7.089
1995.0,Clothing stores,10.601
1995.0,Grocery stores,29.288
1995.0,Electronics & appliance,5.714
1995.0,"Sporting goods, hobby, books",4.334
1995.0,Furniture stores,5.103
1995.0,Building materials & garden,13.636
1995.0,Health & personal care,8.211
1995.0,Motor vehicles & parts,45.993
1995.0,Gas stations,14.729
1995.0833,Department stores,16.68
1995.0833,Online & other nonstore,7.172
1995.0833,Clothing stores,10.32
1995.0833,Grocery stores,29.196
1995.0833,Electronics & appliance,5.68
1995.0833,"Sporting goods, hobby, books",4.004
1995.0833,Furniture stores,4.919
1995.0833,Building materials & garden,13.555
1995.0833,Health & personal care,8.217
1995.0833,Motor vehicles & parts,44.817
1995.0833,Gas stations,14.792
1995.1667,Department stores,16.904
1995.1667,Online & other nonstore,7.096
1995.1667,Clothing stores,10.558
1995.1667,Grocery stores,29.302
1995.1667,Electronics & appliance,5.679
1995.1667,"Sporting goods, hobby, books",3.988
1995.1667,Furniture stores,4.957
1995.1667,Building materials & garden,13.469
1995.1667,Health & personal care,8.206
1995.1667,Motor vehicles & parts,45.823
1995.1667,Gas stations,14.814
1995.25,Department stores,16.985
1995.25,Online & other nonstore,7.241
1995.25,Clothing stores,10.476
1995.25,Grocery stores,29.096
1995.25,Electronics & appliance,5.664
1995.25,"Sporting goods, hobby, books",4.08
1995.25,Furniture stores,5.015
1995.25,Building materials & garden,13.356
1995.25,Health & personal care,8.374
1995.25,Motor vehicles & parts,45.632
1995.25,Gas stations,14.84
1995.3333,Department stores,16.997
1995.3333,Online & other nonstore,7.434
1995.3333,Clothing stores,10.646
1995.3333,Grocery stores,29.358
1995.3333,Electronics & appliance,5.8
1995.3333,"Sporting goods, hobby, books",4.152
1995.3333,Furniture stores,5.057
1995.3333,Building materials & garden,13.281
1995.3333,Health & personal care,8.321
1995.3333,Motor vehicles & parts,47.129
1995.3333,Gas stations,15.064
1995.4167,Department stores,17.269
1995.4167,Online & other nonstore,7.375
1995.4167,Clothing stores,10.654
1995.4167,Grocery stores,29.523
1995.4167,Electronics & appliance,5.826
1995.4167,"Sporting goods, hobby, books",4.152
1995.4167,Furniture stores,5.053
1995.4167,Building materials & garden,13.407
1995.4167,Health & personal care,8.39
1995.4167,Motor vehicles & parts,48.706
1995.4167,Gas stations,15.24
1995.5,Department stores,17.487
1995.5,Online & other nonstore,7.431
1995.5,Clothing stores,10.527
1995.5,Grocery stores,29.302
1995.5,Electronics & appliance,5.816
1995.5,"Sporting goods, hobby, books",4.195
1995.5,Furniture stores,5.157
1995.5,Building materials & garden,13.524
1995.5,Health & personal care,8.351
1995.5,Motor vehicles & parts,47.332
1995.5,Gas stations,15.1
1995.5833,Department stores,17.231
1995.5833,Online & other nonstore,7.599
1995.5833,Clothing stores,10.483
1995.5833,Grocery stores,29.376
1995.5833,Electronics & appliance,6.004
1995.5833,"Sporting goods, hobby, books",4.129
1995.5833,Furniture stores,5.134
1995.5833,Building materials & garden,13.51
1995.5833,Health & personal care,8.383
1995.5833,Motor vehicles & parts,48.852
1995.5833,Gas stations,15.023
1995.6667,Department stores,17.44
1995.6667,Online & other nonstore,7.754
1995.6667,Clothing stores,10.902
1995.6667,Grocery stores,29.391
1995.6667,Electronics & appliance,6.011
1995.6667,"Sporting goods, hobby, books",4.197
1995.6667,Furniture stores,5.249
1995.6667,Building materials & garden,13.74
1995.6667,Health & personal care,8.552
1995.6667,Motor vehicles & parts,47.693
1995.6667,Gas stations,15.063
1995.75,Department stores,17.188
1995.75,Online & other nonstore,7.594
1995.75,Clothing stores,10.541
1995.75,Grocery stores,29.228
1995.75,Electronics & appliance,6.063
1995.75,"Sporting goods, hobby, books",4.075
1995.75,Furniture stores,5.269
1995.75,Building materials & garden,13.825
1995.75,Health & personal care,8.483
1995.75,Motor vehicles & parts,48.281
1995.75,Gas stations,14.85
1995.8333,Department stores,17.283
1995.8333,Online & other nonstore,8.012
1995.8333,Clothing stores,10.98
1995.8333,Grocery stores,29.483
1995.8333,Electronics & appliance,6.139
1995.8333,"Sporting goods, hobby, books",4.316
1995.8333,Furniture stores,5.319
1995.8333,Building materials & garden,13.968
1995.8333,Health & personal care,8.593
1995.8333,Motor vehicles & parts,48.997
1995.8333,Gas stations,14.839
1995.9167,Department stores,17.332
1995.9167,Online & other nonstore,8.355
1995.9167,Clothing stores,10.839
1995.9167,Grocery stores,29.589
1995.9167,Electronics & appliance,6.159
1995.9167,"Sporting goods, hobby, books",4.308
1995.9167,Furniture stores,5.276
1995.9167,Building materials & garden,14.248
1995.9167,Health & personal care,8.664
1995.9167,Motor vehicles & parts,48.505
1995.9167,Gas stations,15.118
1996.0,Department stores,17.082
1996.0,Online & other nonstore,8.045
1996.0,Clothing stores,10.79
1996.0,Grocery stores,29.665
1996.0,Electronics & appliance,6.064
1996.0,"Sporting goods, hobby, books",4.676
1996.0,Furniture stores,5.143
1996.0,Building materials & garden,13.944
1996.0,Health & personal care,8.456
1996.0,Motor vehicles & parts,49.53
1996.0,Gas stations,15.302
1996.0833,Department stores,17.336
1996.0833,Online & other nonstore,8.273
1996.0833,Clothing stores,11.045
1996.0833,Grocery stores,29.677
1996.0833,Electronics & appliance,6.115
1996.0833,"Sporting goods, hobby, books",4.357
1996.0833,Furniture stores,5.176
1996.0833,Building materials & garden,13.9
1996.0833,Health & personal care,8.669
1996.0833,Motor vehicles & parts,51.291
1996.0833,Gas stations,15.313
1996.1667,Department stores,17.248
1996.1667,Online & other nonstore,8.406
1996.1667,Clothing stores,11.035
1996.1667,Grocery stores,29.716
1996.1667,Electronics & appliance,6.241
1996.1667,"Sporting goods, hobby, books",4.351
1996.1667,Furniture stores,5.393
1996.1667,Building materials & garden,14.056
1996.1667,Health & personal care,8.92
1996.1667,Motor vehicles & parts,50.513
1996.1667,Gas stations,15.819
1996.25,Department stores,17.675
1996.25,Online & other nonstore,8.446
1996.25,Clothing stores,11.056
1996.25,Grocery stores,29.872
1996.25,Electronics & appliance,6.24
1996.25,"Sporting goods, hobby, books",4.279
1996.25,Furniture stores,5.427
1996.25,Building materials & garden,14.33
1996.25,Health & personal care,8.798
1996.25,Motor vehicles & parts,50.73
1996.25,Gas stations,16.102
1996.3333,Department stores,17.624
1996.3333,Online & other nonstore,8.375
1996.3333,Clothing stores,11.213
1996.3333,Grocery stores,29.895
1996.3333,Electronics & appliance,6.286
1996.3333,"Sporting goods, hobby, books",4.146
1996.3333,Furniture stores,5.402
1996.3333,Building materials & garden,14.291
1996.3333,Health & personal care,8.982
1996.3333,Motor vehicles & parts,51.572
1996.3333,Gas stations,16.383
1996.4167,Department stores,17.544
1996.4167,Online & other nonstore,8.451
1996.4167,Clothing stores,10.98
1996.4167,Grocery stores,29.85
1996.4167,Electronics & appliance,6.227
1996.4167,"Sporting goods, hobby, books",4.163
1996.4167,Furniture stores,5.497
1996.4167,Building materials & garden,14.735
1996.4167,Health & personal care,9.003
1996.4167,Motor vehicles & parts,50.083
1996.4167,Gas stations,16.173
1996.5,Department stores,17.581
1996.5,Online & other nonstore,8.483
1996.5,Clothing stores,10.99
1996.5,Grocery stores,30.083
1996.5,Electronics & appliance,6.106
1996.5,"Sporting goods, hobby, books",4.179
1996.5,Furniture stores,5.521
1996.5,Building materials & garden,14.739
1996.5,Health & personal care,9.023
1996.5,Motor vehicles & parts,51.21
1996.5,Gas stations,15.916
1996.5833,Department stores,17.737
1996.5833,Online & other nonstore,8.448
1996.5833,Clothing stores,11.077
1996.5833,Grocery stores,30.381
1996.5833,Electronics & appliance,6.181
1996.5833,"Sporting goods, hobby, books",4.362
1996.5833,Furniture stores,5.469
1996.5833,Building materials & garden,14.827
1996.5833,Health & personal care,9.137
1996.5833,Motor vehicles & parts,50.181
1996.5833,Gas stations,15.953
1996.6667,Department stores,17.866
1996.6667,Online & other nonstore,8.697
1996.6667,Clothing stores,11.238
1996.6667,Grocery stores,30.064
1996.6667,Electronics & appliance,6.279
1996.6667,"Sporting goods, hobby, books",4.378
1996.6667,Furniture stores,5.576
1996.6667,Building materials & garden,14.838
1996.6667,Health & personal care,9.113
1996.6667,Motor vehicles & parts,51.865
1996.6667,Gas stations,15.964
1996.75,Department stores,18.017
1996.75,Online & other nonstore,8.82
1996.75,Clothing stores,11.206
1996.75,Grocery stores,30.45
1996.75,Electronics & appliance,6.257
1996.75,"Sporting goods, hobby, books",4.487
1996.75,Furniture stores,5.591
1996.75,Building materials & garden,14.878
1996.75,Health & personal care,9.251
1996.75,Motor vehicles & parts,52.604
1996.75,Gas stations,16.189
1996.8333,Department stores,17.97
1996.8333,Online & other nonstore,9.249
1996.8333,Clothing stores,11.036
1996.8333,Grocery stores,30.575
1996.8333,Electronics & appliance,6.189
1996.8333,"Sporting goods, hobby, books",4.471
1996.8333,Furniture stores,5.584
1996.8333,Building materials & garden,15.095
1996.8333,Health & personal care,9.345
1996.8333,Motor vehicles & parts,51.296
1996.8333,Gas stations,16.514
1996.9167,Department stores,18.117
1996.9167,Online & other nonstore,9.331
1996.9167,Clothing stores,11.081
1996.9167,Grocery stores,30.247
1996.9167,Electronics & appliance,6.134
1996.9167,"Sporting goods, hobby, books",4.778
1996.9167,Furniture stores,5.575
1996.9167,Building materials & garden,14.753
1996.9167,Health & personal care,9.392
1996.9167,Motor vehicles & parts,51.613
1996.9167,Gas stations,16.538
1997.0,Department stores,18.138
1997.0,Online & other nonstore,8.92
1997.0,Clothing stores,11.243
1997.0,Grocery stores,30.691
1997.0,Electronics & appliance,5.974
1997.0,"Sporting goods, hobby, books",4.471
1997.0,Furniture stores,5.639
1997.0,Building materials & garden,15.044
1997.0,Health & personal care,9.347
1997.0,Motor vehicles & parts,53.055
1997.0,Gas stations,16.856
1997.0833,Department stores,18.185
1997.0833,Online & other nonstore,9.111
1997.0833,Clothing stores,11.164
1997.0833,Grocery stores,30.59
1997.0833,Electronics & appliance,6.226
1997.0833,"Sporting goods, hobby, books",4.471
1997.0833,Furniture stores,5.669
1997.0833,Building materials & garden,15.459
1997.0833,Health & personal care,9.546
1997.0833,Motor vehicles & parts,53.319
1997.0833,Gas stations,16.85
1997.1667,Department stores,18.238
1997.1667,Online & other nonstore,9.218
1997.1667,Clothing stores,11.38
1997.1667,Grocery stores,30.801
1997.1667,Electronics & appliance,6.24
1997.1667,"Sporting goods, hobby, books",4.54
1997.1667,Furniture stores,5.725
1997.1667,Building materials & garden,16.0
1997.1667,Health & personal care,9.861
1997.1667,Motor vehicles & parts,53.189
1997.1667,Gas stations,16.837
1997.25,Department stores,18.096
1997.25,Online & other nonstore,9.351
1997.25,Clothing stores,10.715
1997.25,Grocery stores,30.605
1997.25,Electronics & appliance,6.348
1997.25,"Sporting goods, hobby, books",4.567
1997.25,Furniture stores,5.788
1997.25,Building materials & garden,15.434
1997.25,Health & personal care,9.432
1997.25,Motor vehicles & parts,52.293
1997.25,Gas stations,16.452
1997.3333,Department stores,18.194
1997.3333,Online & other nonstore,9.309
1997.3333,Clothing stores,11.088
1997.3333,Grocery stores,30.772
1997.3333,Electronics & appliance,6.268
1997.3333,"Sporting goods, hobby, books",4.641
1997.3333,Furniture stores,5.813
1997.3333,Building materials & garden,15.654
1997.3333,Health & personal care,9.637
1997.3333,Motor vehicles & parts,51.236
1997.3333,Gas stations,16.305
1997.4167,Department stores,18.276
1997.4167,Online & other nonstore,9.397
1997.4167,Clothing stores,11.31
1997.4167,Grocery stores,30.355
1997.4167,Electronics & appliance,6.305
1997.4167,"Sporting goods, hobby, books",4.677
1997.4167,Furniture stores,5.841
1997.4167,Building materials & garden,15.783
1997.4167,Health & personal care,9.804
1997.4167,Motor vehicles & parts,52.86
1997.4167,Gas stations,16.27
1997.5,Department stores,18.529
1997.5,Online & other nonstore,9.455
1997.5,Clothing stores,11.365
1997.5,Grocery stores,30.694
1997.5,Electronics & appliance,6.387
1997.5,"Sporting goods, hobby, books",4.623
1997.5,Furniture stores,5.85
1997.5,Building materials & garden,15.799
1997.5,Health & personal care,9.827
1997.5,Motor vehicles & parts,54.375
1997.5,Gas stations,16.243
1997.5833,Department stores,18.556
1997.5833,Online & other nonstore,9.326
1997.5833,Clothing stores,11.527
1997.5833,Grocery stores,30.832
1997.5833,Electronics & appliance,6.407
1997.5833,"Sporting goods, hobby, books",4.408
1997.5833,Furniture stores,5.958
1997.5833,Building materials & garden,15.917
1997.5833,Health & personal care,9.876
1997.5833,Motor vehicles & parts,53.814
1997.5833,Gas stations,16.572
1997.6667,Department stores,18.446
1997.6667,Online & other nonstore,9.516
1997.6667,Clothing stores,11.507
1997.6667,Grocery stores,30.75
1997.6667,Electronics & appliance,6.392
1997.6667,"Sporting goods, hobby, books",4.516
1997.6667,Furniture stores,5.975
1997.6667,Building materials & garden,16.159
1997.6667,Health & personal care,9.987
1997.6667,Motor vehicles & parts,54.366
1997.6667,Gas stations,16.631
1997.75,Department stores,18.58
1997.75,Online & other nonstore,9.378
1997.75,Clothing stores,11.628
1997.75,Grocery stores,30.931
1997.75,Electronics & appliance,6.432
1997.75,"Sporting goods, hobby, books",4.538
1997.75,Furniture stores,5.96
1997.75,Building materials & garden,16.096
1997.75,Health & personal care,9.947
1997.75,Motor vehicles & parts,53.843
1997.75,Gas stations,16.648
1997.8333,Department stores,18.652
1997.8333,Online & other nonstore,9.53
1997.8333,Clothing stores,11.594
1997.8333,Grocery stores,30.803
1997.8333,Electronics & appliance,6.478
1997.8333,"Sporting goods, hobby, books",4.646
1997.8333,Furniture stores,6.069
1997.8333,Building materials & garden,15.964
1997.8333,Health & personal care,10.119
1997.8333,Motor vehicles & parts,53.565
1997.8333,Gas stations,16.493
1997.9167,Department stores,18.427
1997.9167,Online & other nonstore,9.374
1997.9167,Clothing stores,11.789
1997.9167,Grocery stores,30.568
1997.9167,Electronics & appliance,6.509
1997.9167,"Sporting goods, hobby, books",4.66
1997.9167,Furniture stores,6.115
1997.9167,Building materials & garden,16.189
1997.9167,Health & personal care,10.08
1997.9167,Motor vehicles & parts,54.746
1997.9167,Gas stations,16.292
1998.0,Department stores,18.474
1998.0,Online & other nonstore,9.294
1998.0,Clothing stores,11.823
1998.0,Grocery stores,30.76
1998.0,Electronics & appliance,6.624
1998.0,"Sporting goods, hobby, books",4.651
1998.0,Furniture stores,6.184
1998.0,Building materials & garden,16.263
1998.0,Health & personal care,10.302
1998.0,Motor vehicles & parts,54.241
1998.0,Gas stations,16.13
1998.0833,Department stores,18.698
1998.0833,Online & other nonstore,9.565
1998.0833,Clothing stores,11.884
1998.0833,Grocery stores,30.53
1998.0833,Electronics & appliance,6.661
1998.0833,"Sporting goods, hobby, books",4.777
1998.0833,Furniture stores,6.142
1998.0833,Building materials & garden,16.342
1998.0833,Health & personal care,10.271
1998.0833,Motor vehicles & parts,53.549
1998.0833,Gas stations,15.924
1998.1667,Department stores,18.529
1998.1667,Online & other nonstore,9.68
1998.1667,Clothing stores,11.739
1998.1667,Grocery stores,30.677
1998.1667,Electronics & appliance,6.625
1998.1667,"Sporting goods, hobby, books",4.781
1998.1667,Furniture stores,6.149
1998.1667,Building materials & garden,16.386
1998.1667,Health & personal care,10.247
1998.1667,Motor vehicles & parts,54.881
1998.1667,Gas stations,15.559
1998.25,Department stores,18.649
1998.25,Online & other nonstore,9.72
1998.25,Clothing stores,12.136
1998.25,Grocery stores,30.878
1998.25,Electronics & appliance,6.651
1998.25,"Sporting goods, hobby, books",4.826
1998.25,Furniture stores,6.165
1998.25,Building materials & garden,16.601
1998.25,Health & personal care,10.48
1998.25,Motor vehicles & parts,56.57
1998.25,Gas stations,15.682
1998.3333,Department stores,18.653
1998.3333,Online & other nonstore,10.084
1998.3333,Clothing stores,11.953
1998.3333,Grocery stores,30.946
1998.3333,Electronics & appliance,6.692
1998.3333,"Sporting goods, hobby, books",4.814
1998.3333,Furniture stores,6.157
1998.3333,Building materials & garden,16.609
1998.3333,Health & personal care,10.553
1998.3333,Motor vehicles & parts,56.468
1998.3333,Gas stations,15.94
1998.4167,Department stores,18.553
1998.4167,Online & other nonstore,9.941
1998.4167,Clothing stores,12.069
1998.4167,Grocery stores,31.113
1998.4167,Electronics & appliance,6.752
1998.4167,"Sporting goods, hobby, books",4.795
1998.4167,Furniture stores,6.227
1998.4167,Building materials & garden,16.569
1998.4167,Health & personal care,10.534
1998.4167,Motor vehicles & parts,58.386
1998.4167,Gas stations,15.801
1998.5,Department stores,18.489
1998.5,Online & other nonstore,10.278
1998.5,Clothing stores,12.289
1998.5,Grocery stores,31.35
1998.5,Electronics & appliance,6.82
1998.5,"Sporting goods, hobby, books",4.792
1998.5,Furniture stores,6.246
1998.5,Building materials & garden,16.662
1998.5,Health & personal care,10.706
1998.5,Motor vehicles & parts,55.288
1998.5,Gas stations,15.996
1998.5833,Department stores,18.548
1998.5833,Online & other nonstore,10.116
1998.5833,Clothing stores,12.16
1998.5833,Grocery stores,31.329
1998.5833,Electronics & appliance,6.928
1998.5833,"Sporting goods, hobby, books",4.774
1998.5833,Furniture stores,6.239
1998.5833,Building materials & garden,16.71
1998.5833,Health & personal care,10.942
1998.5833,Motor vehicles & parts,53.392
1998.5833,Gas stations,15.733
1998.6667,Department stores,18.589
1998.6667,Online & other nonstore,10.09
1998.6667,Clothing stores,11.847
1998.6667,Grocery stores,31.384
1998.6667,Electronics & appliance,6.811
1998.6667,"Sporting goods, hobby, books",4.784
1998.6667,Furniture stores,6.222
1998.6667,Building materials & garden,16.8
1998.6667,Health & personal care,10.831
1998.6667,Motor vehicles & parts,55.92
1998.6667,Gas stations,15.633
1998.75,Department stores,18.692
1998.75,Online & other nonstore,10.289
1998.75,Clothing stores,12.242
1998.75,Grocery stores,31.67
1998.75,Electronics & appliance,6.802
1998.75,"Sporting goods, hobby, books",4.806
1998.75,Furniture stores,6.31
1998.75,Building materials & garden,17.062
1998.75,Health & personal care,10.987
1998.75,Motor vehicles & parts,57.773
1998.75,Gas stations,15.862
1998.8333,Department stores,18.805
1998.8333,Online & other nonstore,10.325
1998.8333,Clothing stores,12.443
1998.8333,Grocery stores,31.507
1998.8333,Electronics & appliance,6.804
1998.8333,"Sporting goods, hobby, books",4.787
1998.8333,Furniture stores,6.452
1998.8333,Building materials & garden,17.194
1998.8333,Health & personal care,11.094
1998.8333,Motor vehicles & parts,58.329
1998.8333,Gas stations,15.916
1998.9167,Department stores,18.855
1998.9167,Online & other nonstore,10.193
1998.9167,Clothing stores,12.375
1998.9167,Grocery stores,31.913
1998.9167,Electronics & appliance,6.809
1998.9167,"Sporting goods, hobby, books",4.879
1998.9167,Furniture stores,6.504
1998.9167,Building materials & garden,17.465
1998.9167,Health & personal care,11.166
1998.9167,Motor vehicles & parts,59.503
1998.9167,Gas stations,16.07
1999.0,Department stores,19.059
1999.0,Online & other nonstore,10.463
1999.0,Clothing stores,12.565
1999.0,Grocery stores,31.749
1999.0,Electronics & appliance,6.861
1999.0,"Sporting goods, hobby, books",5.002
1999.0,Furniture stores,6.434
1999.0,Building materials & garden,17.539
1999.0,Health & personal care,11.322
1999.0,Motor vehicles & parts,58.721
1999.0,Gas stations,16.281
1999.0833,Department stores,19.351
1999.0833,Online & other nonstore,10.647
1999.0833,Clothing stores,12.613
1999.0833,Grocery stores,32.12
1999.0833,Electronics & appliance,6.876
1999.0833,"Sporting goods, hobby, books",4.997
1999.0833,Furniture stores,6.565
1999.0833,Building materials & garden,17.812
1999.0833,Health & personal care,11.347
1999.0833,Motor vehicles & parts,59.961
1999.0833,Gas stations,16.218
1999.1667,Department stores,19.372
1999.1667,Online & other nonstore,10.785
1999.1667,Clothing stores,12.757
1999.1667,Grocery stores,32.107
1999.1667,Electronics & appliance,6.973
1999.1667,"Sporting goods, hobby, books",4.992
1999.1667,Furniture stores,6.633
1999.1667,Building materials & garden,17.61
1999.1667,Health & personal care,11.451
1999.1667,Motor vehicles & parts,60.662
1999.1667,Gas stations,16.418
1999.25,Department stores,19.075
1999.25,Online & other nonstore,11.016
1999.25,Clothing stores,12.765
1999.25,Grocery stores,32.391
1999.25,Electronics & appliance,7.026
1999.25,"Sporting goods, hobby, books",5.002
1999.25,Furniture stores,6.585
1999.25,Building materials & garden,17.698
1999.25,Health & personal care,11.449
1999.25,Motor vehicles & parts,61.182
1999.25,Gas stations,17.053
1999.3333,Department stores,19.032
1999.3333,Online & other nonstore,11.273
1999.3333,Clothing stores,13.016
1999.3333,Grocery stores,32.434
1999.3333,Electronics & appliance,7.108
1999.3333,"Sporting goods, hobby, books",5.029
1999.3333,Furniture stores,6.687
1999.3333,Building materials & garden,17.773
1999.3333,Health & personal care,11.624
1999.3333,Motor vehicles & parts,61.851
1999.3333,Gas stations,17.024
1999.4167,Department stores,19.27
1999.4167,Online & other nonstore,11.335
1999.4167,Clothing stores,12.96
1999.4167,Grocery stores,32.23
1999.4167,Electronics & appliance,7.132
1999.4167,"Sporting goods, hobby, books",5.067
1999.4167,Furniture stores,6.778
1999.4167,Building materials & garden,17.815
1999.4167,Health & personal care,11.695
1999.4167,Motor vehicles & parts,62.453
1999.4167,Gas stations,16.895
1999.5,Department stores,19.203
1999.5,Online & other nonstore,11.444
1999.5,Clothing stores,12.945
1999.5,Grocery stores,32.705
1999.5,Electronics & appliance,7.252
1999.5,"Sporting goods, hobby, books",5.028
1999.5,Furniture stores,6.75
1999.5,Building materials & garden,18.029
1999.5,Health & personal care,11.74
1999.5,Motor vehicles & parts,63.007
1999.5,Gas stations,17.639
1999.5833,Department stores,19.191
1999.5833,Online & other nonstore,11.683
1999.5833,Clothing stores,13.029
1999.5833,Grocery stores,32.375
1999.5833,Electronics & appliance,7.139
1999.5833,"Sporting goods, hobby, books",5.031
1999.5833,Furniture stores,6.947
1999.5833,Building materials & garden,18.217
1999.5833,Health & personal care,11.705
1999.5833,Motor vehicles & parts,64.529
1999.5833,Gas stations,18.006
1999.6667,Department stores,19.343
1999.6667,Online & other nonstore,11.795
1999.6667,Clothing stores,13.128
1999.6667,Grocery stores,32.911
1999.6667,Electronics & appliance,7.257
1999.6667,"Sporting goods, hobby, books",5.099
1999.6667,Furniture stores,7.065
1999.6667,Building materials & garden,17.905
1999.6667,Health & personal care,11.84
1999.6667,Motor vehicles & parts,63.804
1999.6667,Gas stations,18.227
1999.75,Department stores,19.256
1999.75,Online & other nonstore,11.851
1999.75,Clothing stores,13.054
1999.75,Grocery stores,32.56
1999.75,Electronics & appliance,7.295
1999.75,"Sporting goods, hobby, books",5.16
1999.75,Furniture stores,7.132
1999.75,Building materials & garden,18.467
1999.75,Health & personal care,12.037
1999.75,Motor vehicles & parts,62.51
1999.75,Gas stations,18.537
1999.8333,Department stores,19.116
1999.8333,Online & other nonstore,11.865
1999.8333,Clothing stores,13.061
1999.8333,Grocery stores,32.629
1999.8333,Electronics & appliance,7.102
1999.8333,"Sporting goods, hobby, books",5.172
1999.8333,Furniture stores,7.074
1999.8333,Building materials & garden,18.87
1999.8333,Health & personal care,12.094
1999.8333,Motor vehicles & parts,64.791
1999.8333,Gas stations,18.861
1999.9167,Department stores,19.249
1999.9167,Online & other nonstore,12.315
1999.9167,Clothing stores,13.303
1999.9167,Grocery stores,33.913
1999.9167,Electronics & appliance,7.347
1999.9167,"Sporting goods, hobby, books",5.198
1999.9167,Furniture stores,7.079
1999.9167,Building materials & garden,18.947
1999.9167,Health & personal care,12.624
1999.9167,Motor vehicles & parts,64.711
1999.9167,Gas stations,19.818
2000.0,Department stores,19.204
2000.0,Online & other nonstore,12.594
2000.0,Clothing stores,12.986
2000.0,Grocery stores,31.836
2000.0,Electronics & appliance,7.462
2000.0,"Sporting goods, hobby, books",5.156
2000.0,Furniture stores,7.292
2000.0,Building materials & garden,19.412
2000.0,Health & personal care,12.246
2000.0,Motor vehicles & parts,65.942
2000.0,Gas stations,19.251
2000.0833,Department stores,19.158
2000.0833,Online & other nonstore,13.137
2000.0833,Clothing stores,13.152
2000.0833,Grocery stores,32.191
2000.0833,Electronics & appliance,7.506
2000.0833,"Sporting goods, hobby, books",5.231
2000.0833,Furniture stores,7.341
2000.0833,Building materials & garden,19.078
2000.0833,Health & personal care,12.194
2000.0833,Motor vehicles & parts,67.906
2000.0833,Gas stations,20.06
2000.1667,Department stores,19.227
2000.1667,Online & other nonstore,13.026
2000.1667,Clothing stores,13.477
2000.1667,Grocery stores,32.834
2000.1667,Electronics & appliance,7.501
2000.1667,"Sporting goods, hobby, books",5.338
2000.1667,Furniture stores,7.376
2000.1667,Building materials & garden,19.905
2000.1667,Health & personal care,12.403
2000.1667,Motor vehicles & parts,67.329
2000.1667,Gas stations,20.808
2000.25,Department stores,19.208
2000.25,Online & other nonstore,13.174
2000.25,Clothing stores,13.428
2000.25,Grocery stores,33.122
2000.25,Electronics & appliance,7.712
2000.25,"Sporting goods, hobby, books",5.393
2000.25,Furniture stores,7.523
2000.25,Building materials & garden,18.88
2000.25,Health & personal care,12.626
2000.25,Motor vehicles & parts,63.981
2000.25,Gas stations,19.761
2000.3333,Department stores,19.397
2000.3333,Online & other nonstore,13.405
2000.3333,Clothing stores,13.644
2000.3333,Grocery stores,32.873
2000.3333,Electronics & appliance,7.468
2000.3333,"Sporting goods, hobby, books",5.453
2000.3333,Furniture stores,7.469
2000.3333,Building materials & garden,18.855
2000.3333,Health & personal care,12.655
2000.3333,Motor vehicles & parts,65.41
2000.3333,Gas stations,20.0
2000.4167,Department stores,19.217
2000.4167,Online & other nonstore,13.733
2000.4167,Clothing stores,13.557
2000.4167,Grocery stores,33.427
2000.4167,Electronics & appliance,7.234
2000.4167,"Sporting goods, hobby, books",5.412
2000.4167,Furniture stores,7.368
2000.4167,Building materials & garden,18.696
2000.4167,Health & personal care,12.711
2000.4167,Motor vehicles & parts,65.742
2000.4167,Gas stations,20.832
2000.5,Department stores,19.132
2000.5,Online & other nonstore,13.656
2000.5,Clothing stores,13.379
2000.5,Grocery stores,33.099
2000.5,Electronics & appliance,7.306
2000.5,"Sporting goods, hobby, books",5.506
2000.5,Furniture stores,7.544
2000.5,Building materials & garden,18.844
2000.5,Health & personal care,12.845
2000.5,Motor vehicles & parts,63.451
2000.5,Gas stations,20.796
2000.5833,Department stores,19.203
2000.5833,Online & other nonstore,13.913
2000.5833,Clothing stores,13.69
2000.5833,Grocery stores,33.275
2000.5833,Electronics & appliance,7.338
2000.5833,"Sporting goods, hobby, books",5.376
2000.5833,Furniture stores,7.47
2000.5833,Building materials & garden,18.77
2000.5833,Health & personal care,12.874
2000.5833,Motor vehicles & parts,64.451
2000.5833,Gas stations,20.41
2000.6667,Department stores,19.362
2000.6667,Online & other nonstore,14.394
2000.6667,Clothing stores,14.12
2000.6667,Grocery stores,33.487
2000.6667,Electronics & appliance,7.423
2000.6667,"Sporting goods, hobby, books",5.502
2000.6667,Furniture stores,7.464
2000.6667,Building materials & garden,18.776
2000.6667,Health & personal care,13.149
2000.6667,Motor vehicles & parts,64.735
2000.6667,Gas stations,21.239
2000.75,Department stores,19.319
2000.75,Online & other nonstore,14.269
2000.75,Clothing stores,13.807
2000.75,Grocery stores,33.426
2000.75,Electronics & appliance,7.311
2000.75,"Sporting goods, hobby, books",5.347
2000.75,Furniture stores,7.552
2000.75,Building materials & garden,18.848
2000.75,Health & personal care,13.116
2000.75,Motor vehicles & parts,65.02
2000.75,Gas stations,21.282
2000.8333,Department stores,19.529
2000.8333,Online & other nonstore,14.344
2000.8333,Clothing stores,13.947
2000.8333,Grocery stores,33.7
2000.8333,Electronics & appliance,7.189
2000.8333,"Sporting goods, hobby, books",5.306
2000.8333,Furniture stores,7.353
2000.8333,Building materials & garden,18.554
2000.8333,Health & personal care,13.194
2000.8333,Motor vehicles & parts,62.945
2000.8333,Gas stations,21.774
2000.9167,Department stores,19.677
2000.9167,Online & other nonstore,15.249
2000.9167,Clothing stores,13.75
2000.9167,Grocery stores,34.156
2000.9167,Electronics & appliance,7.213
2000.9167,"Sporting goods, hobby, books",5.315
2000.9167,Furniture stores,7.015
2000.9167,Building materials & garden,19.176
2000.9167,Health & personal care,13.414
2000.9167,Motor vehicles & parts,61.456
2000.9167,Gas stations,21.785
2001.0,Department stores,19.904
2001.0,Online & other nonstore,14.174
2001.0,Clothing stores,13.772
2001.0,Grocery stores,33.834
2001.0,Electronics & appliance,7.214
2001.0,"Sporting goods, hobby, books",5.286
2001.0,Furniture stores,7.578
2001.0,Building materials & garden,19.089
2001.0,Health & personal care,13.235
2001.0,Motor vehicles & parts,65.034
2001.0,Gas stations,21.799
2001.0833,Department stores,19.17
2001.0833,Online & other nonstore,13.967
2001.0833,Clothing stores,13.84
2001.0833,Grocery stores,34.267
2001.0833,Electronics & appliance,7.18
2001.0833,"Sporting goods, hobby, books",5.446
2001.0833,Furniture stores,7.396
2001.0833,Building materials & garden,19.582
2001.0833,Health & personal care,13.421
2001.0833,Motor vehicles & parts,65.022
2001.0833,Gas stations,21.534
2001.1667,Department stores,18.542
2001.1667,Online & other nonstore,14.014
2001.1667,Clothing stores,13.392
2001.1667,Grocery stores,34.308
2001.1667,Electronics & appliance,7.109
2001.1667,"Sporting goods, hobby, books",5.438
2001.1667,Furniture stores,7.335
2001.1667,Building materials & garden,19.289
2001.1667,Health & personal care,13.496
2001.1667,Motor vehicles & parts,64.187
2001.1667,Gas stations,20.649
2001.25,Department stores,19.073
2001.25,Online & other nonstore,13.913
2001.25,Clothing stores,13.92
2001.25,Grocery stores,34.239
2001.25,Electronics & appliance,7.076
2001.25,"Sporting goods, hobby, books",5.383
2001.25,Furniture stores,7.348
2001.25,Building materials & garden,20.302
2001.25,Health & personal care,13.518
2001.25,Motor vehicles & parts,65.645
2001.25,Gas stations,21.553
2001.3333,Department stores,18.991
2001.3333,Online & other nonstore,13.69
2001.3333,Clothing stores,13.524
2001.3333,Grocery stores,34.533
2001.3333,Electronics & appliance,7.002
2001.3333,"Sporting goods, hobby, books",5.381
2001.3333,Furniture stores,7.344
2001.3333,Building materials & garden,19.907
2001.3333,Health & personal care,13.639
2001.3333,Motor vehicles & parts,66.514
2001.3333,Gas stations,22.322
2001.4167,Department stores,18.889
2001.4167,Online & other nonstore,13.774
2001.4167,Clothing stores,13.476
2001.4167,Grocery stores,34.582
2001.4167,Electronics & appliance,7.09
2001.4167,"Sporting goods, hobby, books",5.424
2001.4167,Furniture stores,7.402
2001.4167,Building materials & garden,19.839
2001.4167,Health & personal care,13.727
2001.4167,Motor vehicles & parts,65.467
2001.4167,Gas stations,21.857
2001.5,Department stores,19.121
2001.5,Online & other nonstore,13.68
2001.5,Clothing stores,13.59
2001.5,Grocery stores,34.334
2001.5,Electronics & appliance,7.164
2001.5,"Sporting goods, hobby, books",5.421
2001.5,Furniture stores,7.476
2001.5,Building materials & garden,19.721
2001.5,Health & personal care,13.724
2001.5,Motor vehicles & parts,64.85
2001.5,Gas stations,20.543
2001.5833,Department stores,19.093
2001.5833,Online & other nonstore,13.909
2001.5833,Clothing stores,13.913
2001.5833,Grocery stores,34.788
2001.5833,Electronics & appliance,7.187
2001.5833,"Sporting goods, hobby, books",5.54
2001.5833,Furniture stores,7.409
2001.5833,Building materials & garden,19.765
2001.5833,Health & personal care,13.831
2001.5833,Motor vehicles & parts,65.34
2001.5833,Gas stations,20.812
2001.6667,Department stores,18.864
2001.6667,Online & other nonstore,13.156
2001.6667,Clothing stores,12.992
2001.6667,Grocery stores,34.768
2001.6667,Electronics & appliance,7.021
2001.6667,"Sporting goods, hobby, books",5.415
2001.6667,Furniture stores,7.213
2001.6667,Building materials & garden,19.394
2001.6667,Health & personal care,13.802
2001.6667,Motor vehicles & parts,61.603
2001.6667,Gas stations,21.164
2001.75,Department stores,18.955
2001.75,Online & other nonstore,13.644
2001.75,Clothing stores,13.593
2001.75,Grocery stores,34.923
2001.75,Electronics & appliance,7.183
2001.75,"Sporting goods, hobby, books",5.503
2001.75,Furniture stores,7.362
2001.75,Building materials & garden,19.957
2001.75,Health & personal care,14.105
2001.75,Motor vehicles & parts,79.627
2001.75,Gas stations,19.914
2001.8333,Department stores,19.135
2001.8333,Online & other nonstore,13.48
2001.8333,Clothing stores,13.636
2001.8333,Grocery stores,35.003
2001.8333,Electronics & appliance,7.414
2001.8333,"Sporting goods, hobby, books",5.67
2001.8333,Furniture stores,7.469
2001.8333,Building materials & garden,19.959
2001.8333,Health & personal care,14.105
2001.8333,Motor vehicles & parts,70.538
2001.8333,Gas stations,19.211
2001.9167,Department stores,19.038
2001.9167,Online & other nonstore,13.543
2001.9167,Clothing stores,13.795
2001.9167,Grocery stores,34.912
2001.9167,Electronics & appliance,7.672
2001.9167,"Sporting goods, hobby, books",5.514
2001.9167,Furniture stores,7.7
2001.9167,Building materials & garden,19.881
2001.9167,Health & personal care,14.184
2001.9167,Motor vehicles & parts,66.255
2001.9167,Gas stations,18.719
2002.0,Department stores,18.935
2002.0,Online & other nonstore,13.783
2002.0,Clothing stores,13.795
2002.0,Grocery stores,34.793
2002.0,Electronics & appliance,7.42
2002.0,"Sporting goods, hobby, books",5.557
2002.0,Furniture stores,7.644
2002.0,Building materials & garden,20.09
2002.0,Health & personal care,14.339
2002.0,Motor vehicles & parts,66.543
2002.0,Gas stations,18.974
2002.0833,Department stores,18.811
2002.0833,Online & other nonstore,13.839
2002.0833,Clothing stores,14.003
2002.0833,Grocery stores,34.809
2002.0833,Electronics & appliance,7.484
2002.0833,"Sporting goods, hobby, books",5.476
2002.0833,Furniture stores,7.709
2002.0833,Building materials & garden,20.387
2002.0833,Health & personal care,14.55
2002.0833,Motor vehicles & parts,66.936
2002.0833,Gas stations,18.979
2002.1667,Department stores,18.905
2002.1667,Online & other nonstore,14.029
2002.1667,Clothing stores,14.109
2002.1667,Grocery stores,34.784
2002.1667,Electronics & appliance,7.544
2002.1667,"Sporting goods, hobby, books",5.471
2002.1667,Furniture stores,7.713
2002.1667,Building materials & garden,20.396
2002.1667,Health & personal care,14.646
2002.1667,Motor vehicles & parts,65.157
2002.1667,Gas stations,19.795
2002.25,Department stores,19.018
2002.25,Online & other nonstore,14.232
2002.25,Clothing stores,13.925
2002.25,Grocery stores,34.402
2002.25,Electronics & appliance,7.48
2002.25,"Sporting goods, hobby, books",5.512
2002.25,Furniture stores,7.665
2002.25,Building materials & garden,20.942
2002.25,Health & personal care,14.705
2002.25,Motor vehicles & parts,66.609
2002.25,Gas stations,20.731
2002.3333,Department stores,18.53
2002.3333,Online & other nonstore,14.477
2002.3333,Clothing stores,13.9
2002.3333,Grocery stores,34.722
2002.3333,Electronics & appliance,7.551
2002.3333,"Sporting goods, hobby, books",5.492
2002.3333,Furniture stores,7.716
2002.3333,Building materials & garden,20.678
2002.3333,Health & personal care,14.734
2002.3333,Motor vehicles & parts,64.254
2002.3333,Gas stations,20.767
2002.4167,Department stores,18.604
2002.4167,Online & other nonstore,14.247
2002.4167,Clothing stores,13.951
2002.4167,Grocery stores,34.538
2002.4167,Electronics & appliance,7.547
2002.4167,"Sporting goods, hobby, books",5.413
2002.4167,Furniture stores,7.605
2002.4167,Building materials & garden,20.549
2002.4167,Health & personal care,14.809
2002.4167,Motor vehicles & parts,65.997
2002.4167,Gas stations,20.589
2002.5,Department stores,18.297
2002.5,Online & other nonstore,14.549
2002.5,Clothing stores,13.852
2002.5,Grocery stores,34.65
2002.5,Electronics & appliance,7.454
2002.5,"Sporting goods, hobby, books",5.445
2002.5,Furniture stores,7.523
2002.5,Building materials & garden,20.549
2002.5,Health & personal care,14.815
2002.5,Motor vehicles & parts,69.154
2002.5,Gas stations,21.292
2002.5833,Department stores,18.261
2002.5833,Online & other nonstore,14.457
2002.5833,Clothing stores,14.026
2002.5833,Grocery stores,34.758
2002.5833,Electronics & appliance,7.424
2002.5833,"Sporting goods, hobby, books",5.43
2002.5833,Furniture stores,7.609
2002.5833,Building materials & garden,20.522
2002.5833,Health & personal care,14.963
2002.5833,Motor vehicles & parts,70.55
2002.5833,Gas stations,21.117
2002.6667,Department stores,18.041
2002.6667,Online & other nonstore,14.358
2002.6667,Clothing stores,13.721
2002.6667,Grocery stores,34.363
2002.6667,Electronics & appliance,7.367
2002.6667,"Sporting goods, hobby, books",5.549
2002.6667,Furniture stores,7.596
2002.6667,Building materials & garden,20.54
2002.6667,Health & personal care,15.152
2002.6667,Motor vehicles & parts,66.115
2002.6667,Gas stations,21.167
2002.75,Department stores,18.541
2002.75,Online & other nonstore,14.52
2002.75,Clothing stores,14.164
2002.75,Grocery stores,34.739
2002.75,Electronics & appliance,7.432
2002.75,"Sporting goods, hobby, books",5.548
2002.75,Furniture stores,7.584
2002.75,Building materials & garden,20.374
2002.75,Health & personal care,15.067
2002.75,Motor vehicles & parts,66.437
2002.75,Gas stations,21.511
2002.8333,Department stores,18.01
2002.8333,Online & other nonstore,15.04
2002.8333,Clothing stores,14.126
2002.8333,Grocery stores,34.984
2002.8333,Electronics & appliance,7.363
2002.8333,"Sporting goods, hobby, books",5.616
2002.8333,Furniture stores,7.738
2002.8333,Building materials & garden,20.713
2002.8333,Health & personal care,15.229
2002.8333,Motor vehicles & parts,65.339
2002.8333,Gas stations,21.926
2002.9167,Department stores,17.917
2002.9167,Online & other nonstore,15.043
2002.9167,Clothing stores,14.282
2002.9167,Grocery stores,34.547
2002.9167,Electronics & appliance,7.421
2002.9167,"Sporting goods, hobby, books",5.518
2002.9167,Furniture stores,7.737
2002.9167,Building materials & garden,20.438
2002.9167,Health & personal care,15.104
2002.9167,Motor vehicles & parts,68.362
2002.9167,Gas stations,22.213
2003.0,Department stores,17.807
2003.0,Online & other nonstore,15.056
2003.0,Clothing stores,14.245
2003.0,Grocery stores,35.322
2003.0,Electronics & appliance,7.277
2003.0,"Sporting goods, hobby, books",5.501
2003.0,Furniture stores,7.6
2003.0,Building materials & garden,21.118
2003.0,Health & personal care,15.313
2003.0,Motor vehicles & parts,68.304
2003.0,Gas stations,23.013
2003.0833,Department stores,17.67
2003.0833,Online & other nonstore,15.583
2003.0833,Clothing stores,13.788
2003.0833,Grocery stores,35.221
2003.0833,Electronics & appliance,7.204
2003.0833,"Sporting goods, hobby, books",5.391
2003.0833,Furniture stores,7.288
2003.0833,Building materials & garden,19.921
2003.0833,Health & personal care,15.35
2003.0833,Motor vehicles & parts,65.267
2003.0833,Gas stations,23.746
2003.1667,Department stores,17.763
2003.1667,Online & other nonstore,15.282
2003.1667,Clothing stores,14.026
2003.1667,Grocery stores,35.127
2003.1667,Electronics & appliance,7.243
2003.1667,"Sporting goods, hobby, books",5.442
2003.1667,Furniture stores,7.629
2003.1667,Building materials & garden,20.999
2003.1667,Health & personal care,15.486
2003.1667,Motor vehicles & parts,66.319
2003.1667,Gas stations,23.902
2003.25,Department stores,17.687
2003.25,Online & other nonstore,15.227
2003.25,Clothing stores,14.066
2003.25,Grocery stores,35.218
2003.25,Electronics & appliance,7.32
2003.25,"Sporting goods, hobby, books",5.508
2003.25,Furniture stores,7.664
2003.25,Building materials & garden,21.027
2003.25,Health & personal care,15.527
2003.25,Motor vehicles & parts,68.42
2003.25,Gas stations,22.366
2003.3333,Department stores,17.838
2003.3333,Online & other nonstore,15.298
2003.3333,Clothing stores,14.294
2003.3333,Grocery stores,35.115
2003.3333,Electronics & appliance,7.431
2003.3333,"Sporting goods, hobby, books",5.523
2003.3333,Furniture stores,7.82
2003.3333,Building materials & garden,21.119
2003.3333,Health & personal care,15.646
2003.3333,Motor vehicles & parts,68.182
2003.3333,Gas stations,21.668
2003.4167,Department stores,17.912
2003.4167,Online & other nonstore,15.452
2003.4167,Clothing stores,14.548
2003.4167,Grocery stores,35.249
2003.4167,Electronics & appliance,7.507
2003.4167,"Sporting goods, hobby, books",5.639
2003.4167,Furniture stores,7.848
2003.4167,Building materials & garden,21.912
2003.4167,Health & personal care,15.733
2003.4167,Motor vehicles & parts,69.935
2003.4167,Gas stations,21.678
2003.5,Department stores,18.14
2003.5,Online & other nonstore,15.564
2003.5,Clothing stores,14.715
2003.5,Grocery stores,35.632
2003.5,Electronics & appliance,7.597
2003.5,"Sporting goods, hobby, books",5.55
2003.5,Furniture stores,7.862
2003.5,Building materials & garden,22.106
2003.5,Health & personal care,15.957
2003.5,Motor vehicles & parts,70.221
2003.5,Gas stations,22.033
2003.5833,Department stores,18.207
2003.5833,Online & other nonstore,15.801
2003.5833,Clothing stores,14.737
2003.5833,Grocery stores,35.534
2003.5833,Electronics & appliance,7.811
2003.5833,"Sporting goods, hobby, books",5.854
2003.5833,Furniture stores,7.921
2003.5833,Building materials & garden,22.326
2003.5833,Health & personal care,16.146
2003.5833,Motor vehicles & parts,70.445
2003.5833,Gas stations,22.948
2003.6667,Department stores,18.157
2003.6667,Online & other nonstore,16.146
2003.6667,Clothing stores,14.813
2003.6667,Grocery stores,35.526
2003.6667,Electronics & appliance,7.751
2003.6667,"Sporting goods, hobby, books",5.647
2003.6667,Furniture stores,7.969
2003.6667,Building materials & garden,22.522
2003.6667,Health & personal care,16.194
2003.6667,Motor vehicles & parts,69.769
2003.6667,Gas stations,23.069
2003.75,Department stores,17.889
2003.75,Online & other nonstore,16.267
2003.75,Clothing stores,14.729
2003.75,Grocery stores,35.52
2003.75,Electronics & appliance,7.843
2003.75,"Sporting goods, hobby, books",5.596
2003.75,Furniture stores,8.015
2003.75,Building materials & garden,22.659
2003.75,Health & personal care,16.219
2003.75,Motor vehicles & parts,68.528
2003.75,Gas stations,22.747
2003.8333,Department stores,17.81
2003.8333,Online & other nonstore,16.225
2003.8333,Clothing stores,14.927
2003.8333,Grocery stores,35.348
2003.8333,Electronics & appliance,7.892
2003.8333,"Sporting goods, hobby, books",5.636
2003.8333,Furniture stores,8.12
2003.8333,Building materials & garden,22.533
2003.8333,Health & personal care,16.33
2003.8333,Motor vehicles & parts,68.896
2003.8333,Gas stations,23.303
2003.9167,Department stores,17.791
2003.9167,Online & other nonstore,16.34
2003.9167,Clothing stores,15.051
2003.9167,Grocery stores,35.277
2003.9167,Electronics & appliance,7.944
2003.9167,"Sporting goods, hobby, books",5.717
2003.9167,Furniture stores,8.1
2003.9167,Building materials & garden,22.732
2003.9167,Health & personal care,16.421
2003.9167,Motor vehicles & parts,69.008
2003.9167,Gas stations,23.822
2004.0,Department stores,17.8
2004.0,Online & other nonstore,16.804
2004.0,Clothing stores,15.142
2004.0,Grocery stores,36.177
2004.0,Electronics & appliance,7.92
2004.0,"Sporting goods, hobby, books",5.774
2004.0,Furniture stores,8.075
2004.0,Building materials & garden,22.537
2004.0,Health & personal care,16.187
2004.0,Motor vehicles & parts,67.344
2004.0,Gas stations,24.818
2004.0833,Department stores,17.871
2004.0833,Online & other nonstore,17.064
2004.0833,Clothing stores,15.284
2004.0833,Grocery stores,35.445
2004.0833,Electronics & appliance,7.932
2004.0833,"Sporting goods, hobby, books",5.829
2004.0833,Furniture stores,8.132
2004.0833,Building materials & garden,22.523
2004.0833,Health & personal care,15.914
2004.0833,Motor vehicles & parts,69.468
2004.0833,Gas stations,25.105
2004.1667,Department stores,18.165
2004.1667,Online & other nonstore,16.611
2004.1667,Clothing stores,15.509
2004.1667,Grocery stores,35.951
2004.1667,Electronics & appliance,7.971
2004.1667,"Sporting goods, hobby, books",5.84
2004.1667,Furniture stores,8.342
2004.1667,Building materials & garden,24.666
2004.1667,Health & personal care,16.25
2004.1667,Motor vehicles & parts,70.791
2004.1667,Gas stations,25.557
2004.25,Department stores,17.752
2004.25,Online & other nonstore,17.018
2004.25,Clothing stores,15.294
2004.25,Grocery stores,36.12
2004.25,Electronics & appliance,8.044
2004.25,"Sporting goods, hobby, books",5.739
2004.25,Furniture stores,8.269
2004.25,Building materials & garden,24.47
2004.25,Health & personal care,16.284
2004.25,Motor vehicles & parts,68.882
2004.25,Gas stations,25.474
2004.3333,Department stores,17.921
2004.3333,Online & other nonstore,16.932
2004.3333,Clothing stores,15.351
2004.3333,Grocery stores,36.219
2004.3333,Electronics & appliance,8.133
2004.3333,"Sporting goods, hobby, books",5.737
2004.3333,Furniture stores,8.155
2004.3333,Building materials & garden,24.221
2004.3333,Health & personal care,16.302
2004.3333,Motor vehicles & parts,70.774
2004.3333,Gas stations,26.835
2004.4167,Department stores,17.695
2004.4167,Online & other nonstore,17.213
2004.4167,Clothing stores,15.11
2004.4167,Grocery stores,36.086
2004.4167,Electronics & appliance,8.17
2004.4167,"Sporting goods, hobby, books",5.75
2004.4167,Furniture stores,8.342
2004.4167,Building materials & garden,24.478
2004.4167,Health & personal care,16.36
2004.4167,Motor vehicles & parts,68.948
2004.4167,Gas stations,26.823
2004.5,Department stores,17.888
2004.5,Online & other nonstore,17.359
2004.5,Clothing stores,15.294
2004.5,Grocery stores,36.352
2004.5,Electronics & appliance,8.199
2004.5,"Sporting goods, hobby, books",5.843
2004.5,Furniture stores,8.615
2004.5,Building materials & garden,24.346
2004.5,Health & personal care,16.375
2004.5,Motor vehicles & parts,69.896
2004.5,Gas stations,26.67
2004.5833,Department stores,17.896
2004.5833,Online & other nonstore,17.634
2004.5833,Clothing stores,15.233
2004.5833,Grocery stores,36.149
2004.5833,Electronics & appliance,8.198
2004.5833,"Sporting goods, hobby, books",5.851
2004.5833,Furniture stores,8.445
2004.5833,Building materials & garden,24.584
2004.5833,Health & personal care,16.428
2004.5833,Motor vehicles & parts,69.618
2004.5833,Gas stations,26.359
2004.6667,Department stores,17.943
2004.6667,Online & other nonstore,17.809
2004.6667,Clothing stores,15.448
2004.6667,Grocery stores,36.791
2004.6667,Electronics & appliance,8.311
2004.6667,"Sporting goods, hobby, books",5.811
2004.6667,Furniture stores,8.345
2004.6667,Building materials & garden,24.701
2004.6667,Health & personal care,16.414
2004.6667,Motor vehicles & parts,73.296
2004.6667,Gas stations,27.039
2004.75,Department stores,18.016
2004.75,Online & other nonstore,18.106
2004.75,Clothing stores,15.638
2004.75,Grocery stores,36.656
2004.75,Electronics & appliance,8.319
2004.75,"Sporting goods, hobby, books",5.855
2004.75,Furniture stores,8.582
2004.75,Building materials & garden,24.644
2004.75,Health & personal care,16.588
2004.75,Motor vehicles & parts,71.267
2004.75,Gas stations,28.725
2004.8333,Department stores,17.942
2004.8333,Online & other nonstore,18.258
2004.8333,Clothing stores,15.675
2004.8333,Grocery stores,36.916
2004.8333,Electronics & appliance,8.306
2004.8333,"Sporting goods, hobby, books",5.875
2004.8333,Furniture stores,8.495
2004.8333,Building materials & garden,24.865
2004.8333,Health & personal care,16.572
2004.8333,Motor vehicles & parts,71.8
2004.8333,Gas stations,29.223
2004.9167,Department stores,18.137
2004.9167,Online & other nonstore,18.381
2004.9167,Clothing stores,15.832
2004.9167,Grocery stores,37.095
2004.9167,Electronics & appliance,8.327
2004.9167,"Sporting goods, hobby, books",5.844
2004.9167,Furniture stores,8.659
2004.9167,Building materials & garden,25.437
2004.9167,Health & personal care,16.681
2004.9167,Motor vehicles & parts,73.938
2004.9167,Gas stations,28.954
2005.0,Department stores,18.034
2005.0,Online & other nonstore,18.621
2005.0,Clothing stores,15.762
2005.0,Grocery stores,37.259
2005.0,Electronics & appliance,8.42
2005.0,"Sporting goods, hobby, books",5.882
2005.0,Furniture stores,8.599
2005.0,Building materials & garden,25.897
2005.0,Health & personal care,16.999
2005.0,Motor vehicles & parts,70.376
2005.0,Gas stations,28.351
2005.0833,Department stores,18.173
2005.0833,Online & other nonstore,18.614
2005.0833,Clothing stores,16.279
2005.0833,Grocery stores,37.22
2005.0833,Electronics & appliance,8.606
2005.0833,"Sporting goods, hobby, books",5.918
2005.0833,Furniture stores,8.673
2005.0833,Building materials & garden,25.596
2005.0833,Health & personal care,17.085
2005.0833,Motor vehicles & parts,72.045
2005.0833,Gas stations,28.897
2005.1667,Department stores,17.818
2005.1667,Online & other nonstore,18.929
2005.1667,Clothing stores,15.869
2005.1667,Grocery stores,37.346
2005.1667,Electronics & appliance,8.642
2005.1667,"Sporting goods, hobby, books",5.852
2005.1667,Furniture stores,8.61
2005.1667,Building materials & garden,26.022
2005.1667,Health & personal care,17.038
2005.1667,Motor vehicles & parts,72.627
2005.1667,Gas stations,29.381
2005.25,Department stores,18.153
2005.25,Online & other nonstore,19.218
2005.25,Clothing stores,16.248
2005.25,Grocery stores,37.666
2005.25,Electronics & appliance,8.655
2005.25,"Sporting goods, hobby, books",6.119
2005.25,Furniture stores,8.759
2005.25,Building materials & garden,26.328
2005.25,Health & personal care,17.143
2005.25,Motor vehicles & parts,71.891
2005.25,Gas stations,29.919
2005.3333,Department stores,17.808
2005.3333,Online & other nonstore,19.078
2005.3333,Clothing stores,16.071
2005.3333,Grocery stores,37.529
2005.3333,Electronics & appliance,8.611
2005.3333,"Sporting goods, hobby, books",5.988
2005.3333,Furniture stores,8.702
2005.3333,Building materials & garden,26.301
2005.3333,Health & personal care,17.241
2005.3333,Motor vehicles & parts,71.721
2005.3333,Gas stations,29.004
2005.4167,Department stores,18.263
2005.4167,Online & other nonstore,19.501
2005.4167,Clothing stores,16.424
2005.4167,Grocery stores,37.8
2005.4167,Electronics & appliance,8.689
2005.4167,"Sporting goods, hobby, books",5.912
2005.4167,Furniture stores,8.847
2005.4167,Building materials & garden,26.447
2005.4167,Health & personal care,17.187
2005.4167,Motor vehicles & parts,78.384
2005.4167,Gas stations,29.779
2005.5,Department stores,17.858
2005.5,Online & other nonstore,19.512
2005.5,Clothing stores,16.072
2005.5,Grocery stores,37.654
2005.5,Electronics & appliance,8.72
2005.5,"Sporting goods, hobby, books",5.97
2005.5,Furniture stores,8.851
2005.5,Building materials & garden,26.357
2005.5,Health & personal care,17.441
2005.5,Motor vehicles & parts,80.13
2005.5,Gas stations,30.894
2005.5833,Department stores,17.822
2005.5833,Online & other nonstore,20.21
2005.5833,Clothing stores,16.346
2005.5833,Grocery stores,37.935
2005.5833,Electronics & appliance,8.715
2005.5833,"Sporting goods, hobby, books",5.99
2005.5833,Furniture stores,8.939
2005.5833,Building materials & garden,26.567
2005.5833,Health & personal care,17.357
2005.5833,Motor vehicles & parts,72.12
2005.5833,Gas stations,33.19
2005.6667,Department stores,17.557
2005.6667,Online & other nonstore,20.37
2005.6667,Clothing stores,16.042
2005.6667,Grocery stores,38.302
2005.6667,Electronics & appliance,8.783
2005.6667,"Sporting goods, hobby, books",5.836
2005.6667,Furniture stores,9.001
2005.6667,Building materials & garden,26.944
2005.6667,Health & personal care,17.493
2005.6667,Motor vehicles & parts,69.276
2005.6667,Gas stations,35.92
2005.75,Department stores,18.07
2005.75,Online & other nonstore,20.601
2005.75,Clothing stores,16.744
2005.75,Grocery stores,38.177
2005.75,Electronics & appliance,8.923
2005.75,"Sporting goods, hobby, books",6.079
2005.75,Furniture stores,9.06
2005.75,Building materials & garden,27.439
2005.75,Health & personal care,17.562
2005.75,Motor vehicles & parts,66.411
2005.75,Gas stations,35.827
2005.8333,Department stores,18.048
2005.8333,Online & other nonstore,20.798
2005.8333,Clothing stores,16.7
2005.8333,Grocery stores,38.144
2005.8333,Electronics & appliance,8.799
2005.8333,"Sporting goods, hobby, books",6.057
2005.8333,Furniture stores,9.084
2005.8333,Building materials & garden,27.467
2005.8333,Health & personal care,17.619
2005.8333,Motor vehicles & parts,71.647
2005.8333,Gas stations,33.041
2005.9167,Department stores,17.765
2005.9167,Online & other nonstore,21.138
2005.9167,Clothing stores,16.799
2005.9167,Grocery stores,38.528
2005.9167,Electronics & appliance,8.778
2005.9167,"Sporting goods, hobby, books",6.158
2005.9167,Furniture stores,9.038
2005.9167,Building materials & garden,27.068
2005.9167,Health & personal care,17.824
2005.9167,Motor vehicles & parts,71.64
2005.9167,Gas stations,33.083
2006.0,Department stores,18.107
2006.0,Online & other nonstore,20.88
2006.0,Clothing stores,16.902
2006.0,Grocery stores,37.936
2006.0,Electronics & appliance,9.243
2006.0,"Sporting goods, hobby, books",6.437
2006.0,Furniture stores,9.323
2006.0,Building materials & garden,29.437
2006.0,Health & personal care,17.831
2006.0,Motor vehicles & parts,75.195
2006.0,Gas stations,34.19
2006.0833,Department stores,17.981
2006.0833,Online & other nonstore,21.425
2006.0833,Clothing stores,16.984
2006.0833,Grocery stores,38.565
2006.0833,Electronics & appliance,8.953
2006.0833,"Sporting goods, hobby, books",6.318
2006.0833,Furniture stores,9.205
2006.0833,Building materials & garden,29.265
2006.0833,Health & personal care,17.879
2006.0833,Motor vehicles & parts,72.46
2006.0833,Gas stations,34.106
2006.1667,Department stores,17.888
2006.1667,Online & other nonstore,22.108
2006.1667,Clothing stores,16.947
2006.1667,Grocery stores,38.541
2006.1667,Electronics & appliance,9.031
2006.1667,"Sporting goods, hobby, books",6.307
2006.1667,Furniture stores,9.196
2006.1667,Building materials & garden,29.182
2006.1667,Health & personal care,17.995
2006.1667,Motor vehicles & parts,73.146
2006.1667,Gas stations,34.09
2006.25,Department stores,17.932
2006.25,Online & other nonstore,21.647
2006.25,Clothing stores,17.196
2006.25,Grocery stores,38.557
2006.25,Electronics & appliance,9.04
2006.25,"Sporting goods, hobby, books",6.341
2006.25,Furniture stores,9.171
2006.25,Building materials & garden,28.711
2006.25,Health & personal care,18.087
2006.25,Motor vehicles & parts,73.245
2006.25,Gas stations,35.643
2006.3333,Department stores,17.757
2006.3333,Online & other nonstore,22.127
2006.3333,Clothing stores,17.069
2006.3333,Grocery stores,38.903
2006.3333,Electronics & appliance,8.978
2006.3333,"Sporting goods, hobby, books",6.232
2006.3333,Furniture stores,9.108
2006.3333,Building materials & garden,27.626
2006.3333,Health & personal care,18.271
2006.3333,Motor vehicles & parts,72.425
2006.3333,Gas stations,36.014
2006.4167,Department stores,17.847
2006.4167,Online & other nonstore,22.203
2006.4167,Clothing stores,17.284
2006.4167,Grocery stores,39.07
2006.4167,Electronics & appliance,8.967
2006.4167,"Sporting goods, hobby, books",6.244
2006.4167,Furniture stores,9.268
2006.4167,Building materials & garden,27.209
2006.4167,Health & personal care,18.364
2006.4167,Motor vehicles & parts,74.06
2006.4167,Gas stations,36.049
2006.5,Department stores,17.584
2006.5,Online & other nonstore,21.921
2006.5,Clothing stores,17.32
2006.5,Grocery stores,39.032
2006.5,Electronics & appliance,9.0
2006.5,"Sporting goods, hobby, books",6.167
2006.5,Furniture stores,9.193
2006.5,Building materials & garden,27.112
2006.5,Health & personal care,18.444
2006.5,Motor vehicles & parts,74.717
2006.5,Gas stations,36.949
2006.5833,Department stores,17.49
2006.5833,Online & other nonstore,22.616
2006.5833,Clothing stores,17.178
2006.5833,Grocery stores,39.359
2006.5833,Electronics & appliance,8.99
2006.5833,"Sporting goods, hobby, books",6.166
2006.5833,Furniture stores,9.198
2006.5833,Building materials & garden,27.169
2006.5833,Health & personal care,18.517
2006.5833,Motor vehicles & parts,73.67
2006.5833,Gas stations,37.51
2006.6667,Department stores,17.826
2006.6667,Online & other nonstore,22.564
2006.6667,Clothing stores,17.858
2006.6667,Grocery stores,39.099
2006.6667,Electronics & appliance,9.002
2006.6667,"Sporting goods, hobby, books",6.372
2006.6667,Furniture stores,9.306
2006.6667,Building materials & garden,26.767
2006.6667,Health & personal care,18.683
2006.6667,Motor vehicles & parts,72.915
2006.6667,Gas stations,34.824
2006.75,Department stores,17.657
2006.75,Online & other nonstore,22.737
2006.75,Clothing stores,17.676
2006.75,Grocery stores,39.622
2006.75,Electronics & appliance,8.819
2006.75,"Sporting goods, hobby, books",6.237
2006.75,Furniture stores,9.154
2006.75,Building materials & garden,26.964
2006.75,Health & personal care,18.834
2006.75,Motor vehicles & parts,74.135
2006.75,Gas stations,32.741
2006.8333,Department stores,17.609
2006.8333,Online & other nonstore,22.652
2006.8333,Clothing stores,17.505
2006.8333,Grocery stores,39.618
2006.8333,Electronics & appliance,9.002
2006.8333,"Sporting goods, hobby, books",6.22
2006.8333,Furniture stores,9.079
2006.8333,Building materials & garden,26.533
2006.8333,Health & personal care,19.048
2006.8333,Motor vehicles & parts,74.637
2006.8333,Gas stations,33.286
2006.9167,Department stores,17.713
2006.9167,Online & other nonstore,22.631
2006.9167,Clothing stores,18.077
2006.9167,Grocery stores,39.793
2006.9167,Electronics & appliance,9.352
2006.9167,"Sporting goods, hobby, books",6.302
2006.9167,Furniture stores,9.114
2006.9167,Building materials & garden,26.902
2006.9167,Health & personal care,19.28
2006.9167,Motor vehicles & parts,73.748
2006.9167,Gas stations,34.854
2007.0,Department stores,18.064
2007.0,Online & other nonstore,22.601
2007.0,Clothing stores,18.053
2007.0,Grocery stores,39.875
2007.0,Electronics & appliance,9.068
2007.0,"Sporting goods, hobby, books",6.253
2007.0,Furniture stores,9.355
2007.0,Building materials & garden,27.304
2007.0,Health & personal care,19.188
2007.0,Motor vehicles & parts,73.791
2007.0,Gas stations,34.091
2007.0833,Department stores,17.586
2007.0833,Online & other nonstore,23.811
2007.0833,Clothing stores,17.697
2007.0833,Grocery stores,40.302
2007.0833,Electronics & appliance,8.982
2007.0833,"Sporting goods, hobby, books",6.247
2007.0833,Furniture stores,9.154
2007.0833,Building materials & garden,26.887
2007.0833,Health & personal care,19.135
2007.0833,Motor vehicles & parts,74.304
2007.0833,Gas stations,34.895
2007.1667,Department stores,17.798
2007.1667,Online & other nonstore,23.37
2007.1667,Clothing stores,18.174
2007.1667,Grocery stores,40.263
2007.1667,Electronics & appliance,8.874
2007.1667,"Sporting goods, hobby, books",6.463
2007.1667,Furniture stores,9.183
2007.1667,Building materials & garden,27.301
2007.1667,Health & personal care,19.259
2007.1667,Motor vehicles & parts,73.755
2007.1667,Gas stations,35.947
2007.25,Department stores,17.48
2007.25,Online & other nonstore,23.616
2007.25,Clothing stores,17.789
2007.25,Grocery stores,40.06
2007.25,Electronics & appliance,8.865
2007.25,"Sporting goods, hobby, books",6.37
2007.25,Furniture stores,9.171
2007.25,Building materials & garden,26.512
2007.25,Health & personal care,19.316
2007.25,Motor vehicles & parts,74.584
2007.25,Gas stations,36.261
2007.3333,Department stores,17.521
2007.3333,Online & other nonstore,23.682
2007.3333,Clothing stores,18.037
2007.3333,Grocery stores,40.378
2007.3333,Electronics & appliance,8.924
2007.3333,"Sporting goods, hobby, books",6.476
2007.3333,Furniture stores,9.103
2007.3333,Building materials & garden,26.933
2007.3333,Health & personal care,19.35
2007.3333,Motor vehicles & parts,75.594
2007.3333,Gas stations,37.829
2007.4167,Department stores,17.328
2007.4167,Online & other nonstore,23.79
2007.4167,Clothing stores,17.97
2007.4167,Grocery stores,40.547
2007.4167,Electronics & appliance,8.876
2007.4167,"Sporting goods, hobby, books",6.54
2007.4167,Furniture stores,9.031
2007.4167,Building materials & garden,26.447
2007.4167,Health & personal care,19.579
2007.4167,Motor vehicles & parts,73.046
2007.4167,Gas stations,37.149
2007.5,Department stores,17.559
2007.5,Online & other nonstore,24.193
2007.5,Clothing stores,17.98
2007.5,Grocery stores,40.638
2007.5,Electronics & appliance,8.942
2007.5,"Sporting goods, hobby, books",6.616
2007.5,Furniture stores,9.079
2007.5,Building materials & garden,26.624
2007.5,Health & personal care,19.549
2007.5,Motor vehicles & parts,73.679
2007.5,Gas stations,36.809
2007.5833,Department stores,17.527
2007.5833,Online & other nonstore,24.213
2007.5833,Clothing stores,18.059
2007.5833,Grocery stores,40.628
2007.5833,Electronics & appliance,9.107
2007.5833,"Sporting goods, hobby, books",6.523
2007.5833,Furniture stores,9.049
2007.5833,Building materials & garden,26.454
2007.5833,Health & personal care,19.718
2007.5833,Motor vehicles & parts,75.021
2007.5833,Gas stations,37.038
2007.6667,Department stores,17.26
2007.6667,Online & other nonstore,24.323
2007.6667,Clothing stores,17.964
2007.6667,Grocery stores,40.776
2007.6667,Electronics & appliance,9.059
2007.6667,"Sporting goods, hobby, books",6.431
2007.6667,Furniture stores,8.883
2007.6667,Building materials & garden,26.173
2007.6667,Health & personal care,19.851
2007.6667,Motor vehicles & parts,75.604
2007.6667,Gas stations,38.214
2007.75,Department stores,17.292
2007.75,Online & other nonstore,24.784
2007.75,Clothing stores,17.964
2007.75,Grocery stores,41.019
2007.75,Electronics & appliance,9.134
2007.75,"Sporting goods, hobby, books",6.545
2007.75,Furniture stores,8.883
2007.75,Building materials & garden,25.965
2007.75,Health & personal care,19.726
2007.75,Motor vehicles & parts,76.24
2007.75,Gas stations,39.043
2007.8333,Department stores,17.346
2007.8333,Online & other nonstore,25.427
2007.8333,Clothing stores,18.256
2007.8333,Grocery stores,41.517
2007.8333,Electronics & appliance,9.336
2007.8333,"Sporting goods, hobby, books",6.683
2007.8333,Furniture stores,8.846
2007.8333,Building materials & garden,26.365
2007.8333,Health & personal care,19.705
2007.8333,Motor vehicles & parts,74.181
2007.8333,Gas stations,41.877
2007.9167,Department stores,17.199
2007.9167,Online & other nonstore,24.603
2007.9167,Clothing stores,18.12
2007.9167,Grocery stores,41.616
2007.9167,Electronics & appliance,9.24
2007.9167,"Sporting goods, hobby, books",6.502
2007.9167,Furniture stores,8.734
2007.9167,Building materials & garden,25.317
2007.9167,Health & personal care,19.691
2007.9167,Motor vehicles & parts,71.61
2007.9167,Gas stations,41.629
2008.0,Department stores,16.813
2008.0,Online & other nonstore,24.404
2008.0,Clothing stores,18.065
2008.0,Grocery stores,41.82
2008.0,Electronics & appliance,9.037
2008.0,"Sporting goods, hobby, books",6.513
2008.0,Furniture stores,8.629
2008.0,Building materials & garden,25.409
2008.0,Health & personal care,19.857
2008.0,Motor vehicles & parts,72.256
2008.0,Gas stations,42.321
2008.0833,Department stores,16.822
2008.0833,Online & other nonstore,24.541
2008.0833,Clothing stores,17.834
2008.0833,Grocery stores,41.677
2008.0833,Electronics & appliance,9.038
2008.0833,"Sporting goods, hobby, books",6.533
2008.0833,Furniture stores,8.373
2008.0833,Building materials & garden,25.42
2008.0833,Health & personal care,20.024
2008.0833,Motor vehicles & parts,70.501
2008.0833,Gas stations,42.403
2008.1667,Department stores,16.697
2008.1667,Online & other nonstore,24.79
2008.1667,Clothing stores,17.937
2008.1667,Grocery stores,41.83
2008.1667,Electronics & appliance,9.054
2008.1667,"Sporting goods, hobby, books",6.504
2008.1667,Furniture stores,8.393
2008.1667,Building materials & garden,25.218
2008.1667,Health & personal care,20.059
2008.1667,Motor vehicles & parts,70.077
2008.1667,Gas stations,43.119
2008.25,Department stores,16.708
2008.25,Online & other nonstore,25.684
2008.25,Clothing stores,17.865
2008.25,Grocery stores,42.196
2008.25,Electronics & appliance,9.148
2008.25,"Sporting goods, hobby, books",6.574
2008.25,Furniture stores,8.385
2008.25,Building materials & garden,25.08
2008.25,Health & personal care,19.892
2008.25,Motor vehicles & parts,68.354
2008.25,Gas stations,42.789
2008.3333,Department stores,16.916
2008.3333,Online & other nonstore,25.859
2008.3333,Clothing stores,18.2
2008.3333,Grocery stores,42.288
2008.3333,Electronics & appliance,9.358
2008.3333,"Sporting goods, hobby, books",6.633
2008.3333,Furniture stores,8.373
2008.3333,Building materials & garden,25.421
2008.3333,Health & personal care,20.282
2008.3333,Motor vehicles & parts,67.421
2008.3333,Gas stations,44.279
2008.4167,Department stores,17.059
2008.4167,Online & other nonstore,25.755
2008.4167,Clothing stores,18.278
2008.4167,Grocery stores,42.293
2008.4167,Electronics & appliance,9.186
2008.4167,"Sporting goods, hobby, books",6.584
2008.4167,Furniture stores,8.242
2008.4167,Building materials & garden,25.555
2008.4167,Health & personal care,20.27
2008.4167,Motor vehicles & parts,65.644
2008.4167,Gas stations,46.353
2008.5,Department stores,16.779
2008.5,Online & other nonstore,26.065
2008.5,Clothing stores,18.129
2008.5,Grocery stores,42.552
2008.5,Electronics & appliance,9.201
2008.5,"Sporting goods, hobby, books",6.553
2008.5,Furniture stores,8.163
2008.5,Building materials & garden,25.685
2008.5,Health & personal care,20.373
2008.5,Motor vehicles & parts,63.303
2008.5,Gas stations,46.615
2008.5833,Department stores,16.645
2008.5833,Online & other nonstore,25.636
2008.5833,Clothing stores,18.121
2008.5833,Grocery stores,42.717
2008.5833,Electronics & appliance,9.065
2008.5833,"Sporting goods, hobby, books",6.62
2008.5833,Furniture stores,7.944
2008.5833,Building materials & garden,25.174
2008.5833,Health & personal care,20.347
2008.5833,Motor vehicles & parts,63.417
2008.5833,Gas stations,45.615
2008.6667,Department stores,16.079
2008.6667,Online & other nonstore,25.542
2008.6667,Clothing stores,17.119
2008.6667,Grocery stores,42.535
2008.6667,Electronics & appliance,8.664
2008.6667,"Sporting goods, hobby, books",6.236
2008.6667,Furniture stores,7.512
2008.6667,Building materials & garden,25.03
2008.6667,Health & personal care,20.387
2008.6667,Motor vehicles & parts,60.951
2008.6667,Gas stations,45.563
2008.75,Department stores,16.016
2008.75,Online & other nonstore,24.902
2008.75,Clothing stores,16.929
2008.75,Grocery stores,42.44
2008.75,Electronics & appliance,8.563
2008.75,"Sporting goods, hobby, books",6.194
2008.75,Furniture stores,7.536
2008.75,Building materials & garden,24.462
2008.75,Health & personal care,20.358
2008.75,Motor vehicles & parts,55.55
2008.75,Gas stations,40.348
2008.8333,Department stores,16.329
2008.8333,Online & other nonstore,23.593
2008.8333,Clothing stores,16.765
2008.8333,Grocery stores,42.22
2008.8333,Electronics & appliance,8.586
2008.8333,"Sporting goods, hobby, books",6.216
2008.8333,Furniture stores,7.438
2008.8333,Building materials & garden,22.968
2008.8333,Health & personal care,20.495
2008.8333,Motor vehicles & parts,53.545
2008.8333,Gas stations,31.814
2008.9167,Department stores,15.839
2008.9167,Online & other nonstore,23.224
2008.9167,Clothing stores,16.427
2008.9167,Grocery stores,41.663
2008.9167,Electronics & appliance,8.211
2008.9167,"Sporting goods, hobby, books",6.215
2008.9167,Furniture stores,7.252
2008.9167,Building materials & garden,22.726
2008.9167,Health & personal care,20.457
2008.9167,Motor vehicles & parts,52.682
2008.9167,Gas stations,27.85
2009.0,Department stores,15.861
2009.0,Online & other nonstore,23.576
2009.0,Clothing stores,16.774
2009.0,Grocery stores,42.496
2009.0,Electronics & appliance,8.743
2009.0,"Sporting goods, hobby, books",6.305
2009.0,Furniture stores,7.163
2009.0,Building materials & garden,22.571
2009.0,Health & personal care,20.486
2009.0,Motor vehicles & parts,54.269
2009.0,Gas stations,28.751
2009.0833,Department stores,15.627
2009.0833,Online & other nonstore,23.675
2009.0833,Clothing stores,16.996
2009.0833,Grocery stores,41.772
2009.0833,Electronics & appliance,8.724
2009.0833,"Sporting goods, hobby, books",6.299
2009.0833,Furniture stores,7.097
2009.0833,Building materials & garden,22.299
2009.0833,Health & personal care,20.639
2009.0833,Motor vehicles & parts,52.725
2009.0833,Gas stations,29.791
2009.1667,Department stores,15.532
2009.1667,Online & other nonstore,23.319
2009.1667,Clothing stores,16.043
2009.1667,Grocery stores,41.693
2009.1667,Electronics & appliance,7.982
2009.1667,"Sporting goods, hobby, books",6.175
2009.1667,Furniture stores,6.85
2009.1667,Building materials & garden,21.956
2009.1667,Health & personal care,20.661
2009.1667,Motor vehicles & parts,51.714
2009.1667,Gas stations,28.723
2009.25,Department stores,15.638
2009.25,Online & other nonstore,23.381
2009.25,Clothing stores,16.527
2009.25,Grocery stores,41.952
2009.25,Electronics & appliance,7.929
2009.25,"Sporting goods, hobby, books",6.259
2009.25,Furniture stores,6.866
2009.25,Building materials & garden,21.951
2009.25,Health & personal care,20.797
2009.25,Motor vehicles & parts,52.245
2009.25,Gas stations,28.674
2009.3333,Department stores,15.727
2009.3333,Online & other nonstore,23.603
2009.3333,Clothing stores,16.632
2009.3333,Grocery stores,42.001
2009.3333,Electronics & appliance,7.87
2009.3333,"Sporting goods, hobby, books",6.195
2009.3333,Furniture stores,6.894
2009.3333,Building materials & garden,22.128
2009.3333,Health & personal care,20.853
2009.3333,Motor vehicles & parts,52.606
2009.3333,Gas stations,30.438
2009.4167,Department stores,15.427
2009.4167,Online & other nonstore,24.144
2009.4167,Clothing stores,16.382
2009.4167,Grocery stores,42.178
2009.4167,Electronics & appliance,7.9
2009.4167,"Sporting goods, hobby, books",6.194
2009.4167,Furniture stores,6.887
2009.4167,Building materials & garden,22.106
2009.4167,Health & personal care,20.801
2009.4167,Motor vehicles & parts,55.07
2009.4167,Gas stations,33.104
2009.5,Department stores,15.493
2009.5,Online & other nonstore,24.508
2009.5,Clothing stores,16.617
2009.5,Grocery stores,42.131
2009.5,Electronics & appliance,7.825
2009.5,"Sporting goods, hobby, books",6.206
2009.5,Furniture stores,6.841
2009.5,Building materials & garden,21.722
2009.5,Health & personal care,20.753
2009.5,Motor vehicles & parts,56.711
2009.5,Gas stations,32.919
2009.5833,Department stores,15.539
2009.5833,Online & other nonstore,24.521
2009.5833,Clothing stores,16.863
2009.5833,Grocery stores,42.053
2009.5833,Electronics & appliance,7.885
2009.5833,"Sporting goods, hobby, books",6.289
2009.5833,Furniture stores,6.771
2009.5833,Building materials & garden,21.275
2009.5833,Health & personal care,20.815
2009.5833,Motor vehicles & parts,60.797
2009.5833,Gas stations,34.638
2009.6667,Department stores,15.493
2009.6667,Online & other nonstore,24.784
2009.6667,Clothing stores,16.729
2009.6667,Grocery stores,42.342
2009.6667,Electronics & appliance,7.835
2009.6667,"Sporting goods, hobby, books",6.223
2009.6667,Furniture stores,6.778
2009.6667,Building materials & garden,21.161
2009.6667,Health & personal care,20.955
2009.6667,Motor vehicles & parts,52.078
2009.6667,Gas stations,34.613
2009.75,Department stores,15.62
2009.75,Online & other nonstore,25.087
2009.75,Clothing stores,16.899
2009.75,Grocery stores,42.462
2009.75,Electronics & appliance,7.754
2009.75,"Sporting goods, hobby, books",6.18
2009.75,Furniture stores,6.717
2009.75,Building materials & garden,20.47
2009.75,Health & personal care,21.012
2009.75,Motor vehicles & parts,55.253
2009.75,Gas stations,34.733
2009.8333,Department stores,15.482
2009.8333,Online & other nonstore,25.164
2009.8333,Clothing stores,16.662
2009.8333,Grocery stores,42.509
2009.8333,Electronics & appliance,8.038
2009.8333,"Sporting goods, hobby, books",6.045
2009.8333,Furniture stores,6.775
2009.8333,Building materials & garden,20.76
2009.8333,Health & personal care,21.045
2009.8333,Motor vehicles & parts,55.915
2009.8333,Gas stations,36.53
2009.9167,Department stores,15.459
2009.9167,Online & other nonstore,25.436
2009.9167,Clothing stores,16.615
2009.9167,Grocery stores,42.734
2009.9167,Electronics & appliance,7.947
2009.9167,"Sporting goods, hobby, books",6.249
2009.9167,Furniture stores,6.825
2009.9167,Building materials & garden,20.69
2009.9167,Health & personal care,20.951
2009.9167,Motor vehicles & parts,55.666
2009.9167,Gas stations,37.063
2010.0,Department stores,15.523
2010.0,Online & other nonstore,25.742
2010.0,Clothing stores,16.917
2010.0,Grocery stores,42.69
2010.0,Electronics & appliance,8.098
2010.0,"Sporting goods, hobby, books",6.265
2010.0,Furniture stores,6.813
2010.0,Building materials & garden,20.4
2010.0,Health & personal care,20.917
2010.0,Motor vehicles & parts,55.446
2010.0,Gas stations,37.279
2010.0833,Department stores,15.459
2010.0833,Online & other nonstore,25.697
2010.0833,Clothing stores,16.956
2010.0833,Grocery stores,43.396
2010.0833,Electronics & appliance,8.365
2010.0833,"Sporting goods, hobby, books",6.15
2010.0833,Furniture stores,6.929
2010.0833,Building materials & garden,20.267
2010.0833,Health & personal care,20.942
2010.0833,Motor vehicles & parts,54.389
2010.0833,Gas stations,36.876
2010.1667,Department stores,15.401
2010.1667,Online & other nonstore,26.121
2010.1667,Clothing stores,17.446
2010.1667,Grocery stores,42.963
2010.1667,Electronics & appliance,8.006
2010.1667,"Sporting goods, hobby, books",6.249
2010.1667,Furniture stores,7.02
2010.1667,Building materials & garden,21.691
2010.1667,Health & personal care,21.09
2010.1667,Motor vehicles & parts,59.438
2010.1667,Gas stations,37.045
2010.25,Department stores,15.698
2010.25,Online & other nonstore,26.178
2010.25,Clothing stores,17.286
2010.25,Grocery stores,42.845
2010.25,Electronics & appliance,8.14
2010.25,"Sporting goods, hobby, books",6.162
2010.25,Furniture stores,6.93
2010.25,Building materials & garden,23.358
2010.25,Health & personal care,21.206
2010.25,Motor vehicles & parts,60.347
2010.25,Gas stations,37.069
2010.3333,Department stores,15.368
2010.3333,Online & other nonstore,26.195
2010.3333,Clothing stores,17.229
2010.3333,Grocery stores,42.931
2010.3333,Electronics & appliance,8.242
2010.3333,"Sporting goods, hobby, books",6.238
2010.3333,Furniture stores,6.905
2010.3333,Building materials & garden,21.533
2010.3333,Health & personal care,21.146
2010.3333,Motor vehicles & parts,60.122
2010.3333,Gas stations,36.53
2010.4167,Department stores,15.358
2010.4167,Online & other nonstore,26.816
2010.4167,Clothing stores,17.07
2010.4167,Grocery stores,42.587
2010.4167,Electronics & appliance,8.359
2010.4167,"Sporting goods, hobby, books",6.248
2010.4167,Furniture stores,6.875
2010.4167,Building materials & garden,21.337
2010.4167,Health & personal care,21.4
2010.4167,Motor vehicles & parts,60.012
2010.4167,Gas stations,35.537
2010.5,Department stores,15.156
2010.5,Online & other nonstore,26.497
2010.5,Clothing stores,17.154
2010.5,Grocery stores,42.725
2010.5,Electronics & appliance,8.223
2010.5,"Sporting goods, hobby, books",6.263
2010.5,Furniture stores,6.898
2010.5,Building materials & garden,21.3
2010.5,Health & personal care,21.487
2010.5,Motor vehicles & parts,61.258
2010.5,Gas stations,35.661
2010.5833,Department stores,15.178
2010.5833,Online & other nonstore,27.033
2010.5833,Clothing stores,17.218
2010.5833,Grocery stores,42.92
2010.5833,Electronics & appliance,8.202
2010.5833,"Sporting goods, hobby, books",6.194
2010.5833,Furniture stores,6.923
2010.5833,Building materials & garden,21.07
2010.5833,Health & personal care,21.594
2010.5833,Motor vehicles & parts,61.109
2010.5833,Gas stations,36.054
2010.6667,Department stores,15.15
2010.6667,Online & other nonstore,27.305
2010.6667,Clothing stores,17.289
2010.6667,Grocery stores,43.314
2010.6667,Electronics & appliance,8.274
2010.6667,"Sporting goods, hobby, books",6.206
2010.6667,Furniture stores,6.898
2010.6667,Building materials & garden,21.184
2010.6667,Health & personal care,21.634
2010.6667,Motor vehicles & parts,61.817
2010.6667,Gas stations,37.219
2010.75,Department stores,15.12
2010.75,Online & other nonstore,27.32
2010.75,Clothing stores,17.599
2010.75,Grocery stores,43.167
2010.75,Electronics & appliance,8.101
2010.75,"Sporting goods, hobby, books",6.317
2010.75,Furniture stores,6.846
2010.75,Building materials & garden,21.884
2010.75,Health & personal care,21.833
2010.75,Motor vehicles & parts,63.414
2010.75,Gas stations,38.38
2010.8333,Department stores,15.614
2010.8333,Online & other nonstore,27.276
2010.8333,Clothing stores,17.987
2010.8333,Grocery stores,43.76
2010.8333,Electronics & appliance,7.926
2010.8333,"Sporting goods, hobby, books",6.409
2010.8333,Furniture stores,6.9
2010.8333,Building materials & garden,21.745
2010.8333,Health & personal care,21.914
2010.8333,Motor vehicles & parts,63.792
2010.8333,Gas stations,39.134
2010.9167,Department stores,15.26
2010.9167,Online & other nonstore,28.023
2010.9167,Clothing stores,17.76
2010.9167,Grocery stores,43.83
2010.9167,Electronics & appliance,8.14
2010.9167,"Sporting goods, hobby, books",6.334
2010.9167,Furniture stores,6.863
2010.9167,Building materials & garden,22.003
2010.9167,Health & personal care,22.002
2010.9167,Motor vehicles & parts,63.811
2010.9167,Gas stations,41.184
2011.0,Department stores,15.204
2011.0,Online & other nonstore,28.829
2011.0,Clothing stores,17.928
2011.0,Grocery stores,44.329
2011.0,Electronics & appliance,8.108
2011.0,"Sporting goods, hobby, books",6.292
2011.0,Furniture stores,6.785
2011.0,Building materials & garden,21.291
2011.0,Health & personal care,22.421
2011.0,Motor vehicles & parts,64.723
2011.0,Gas stations,41.732
2011.0833,Department stores,15.44
2011.0833,Online & other nonstore,28.402
2011.0833,Clothing stores,18.147
2011.0833,Grocery stores,44.644
2011.0833,Electronics & appliance,8.226
2011.0833,"Sporting goods, hobby, books",6.346
2011.0833,Furniture stores,6.95
2011.0833,Building materials & garden,21.012
2011.0833,Health & personal care,22.169
2011.0833,Motor vehicles & parts,65.764
2011.0833,Gas stations,42.203
2011.1667,Department stores,15.321
2011.1667,Online & other nonstore,28.621
2011.1667,Clothing stores,18.203
2011.1667,Grocery stores,44.748
2011.1667,Electronics & appliance,8.333
2011.1667,"Sporting goods, hobby, books",6.282
2011.1667,Furniture stores,7.204
2011.1667,Building materials & garden,21.662
2011.1667,Health & personal care,22.275
2011.1667,Motor vehicles & parts,66.117
2011.1667,Gas stations,43.689
2011.25,Department stores,15.447
2011.25,Online & other nonstore,28.928
2011.25,Clothing stores,18.533
2011.25,Grocery stores,45.439
2011.25,Electronics & appliance,8.384
2011.25,"Sporting goods, hobby, books",6.342
2011.25,Furniture stores,7.125
2011.25,Building materials & garden,21.872
2011.25,Health & personal care,22.162
2011.25,Motor vehicles & parts,65.217
2011.25,Gas stations,44.557
2011.3333,Department stores,15.225
2011.3333,Online & other nonstore,29.116
2011.3333,Clothing stores,18.372
2011.3333,Grocery stores,45.034
2011.3333,Electronics & appliance,8.264
2011.3333,"Sporting goods, hobby, books",6.268
2011.3333,Furniture stores,7.041
2011.3333,Building materials & garden,22.101
2011.3333,Health & personal care,22.327
2011.3333,Motor vehicles & parts,64.401
2011.3333,Gas stations,45.166
2011.4167,Department stores,15.564
2011.4167,Online & other nonstore,29.327
2011.4167,Clothing stores,18.735
2011.4167,Grocery stores,45.456
2011.4167,Electronics & appliance,8.298
2011.4167,"Sporting goods, hobby, books",6.287
2011.4167,Furniture stores,7.022
2011.4167,Building materials & garden,22.536
2011.4167,Health & personal care,22.323
2011.4167,Motor vehicles & parts,65.387
2011.4167,Gas stations,44.524
2011.5,Department stores,15.229
2011.5,Online & other nonstore,29.356
2011.5,Clothing stores,18.564
2011.5,Grocery stores,45.506
2011.5,Electronics & appliance,8.426
2011.5,"Sporting goods, hobby, books",6.209
2011.5,Furniture stores,7.071
2011.5,Building materials & garden,22.565
2011.5,Health & personal care,22.442
2011.5,Motor vehicles & parts,65.128
2011.5,Gas stations,44.702
2011.5833,Department stores,15.054
2011.5833,Online & other nonstore,29.729
2011.5833,Clothing stores,18.448
2011.5833,Grocery stores,45.7
2011.5833,Electronics & appliance,8.478
2011.5833,"Sporting goods, hobby, books",6.374
2011.5833,Furniture stores,7.121
2011.5833,Building materials & garden,22.549
2011.5833,Health & personal care,22.543
2011.5833,Motor vehicles & parts,64.273
2011.5833,Gas stations,44.978
2011.6667,Department stores,15.196
2011.6667,Online & other nonstore,29.751
2011.6667,Clothing stores,19.039
2011.6667,Grocery stores,45.606
2011.6667,Electronics & appliance,8.34
2011.6667,"Sporting goods, hobby, books",6.41
2011.6667,Furniture stores,7.185
2011.6667,Building materials & garden,22.462
2011.6667,Health & personal care,22.444
2011.6667,Motor vehicles & parts,67.369
2011.6667,Gas stations,44.98
2011.75,Department stores,15.113
2011.75,Online & other nonstore,30.541
2011.75,Clothing stores,18.697
2011.75,Grocery stores,45.679
2011.75,Electronics & appliance,8.664
2011.75,"Sporting goods, hobby, books",6.322
2011.75,Furniture stores,7.09
2011.75,Building materials & garden,23.053
2011.75,Health & personal care,22.569
2011.75,Motor vehicles & parts,68.451
2011.75,Gas stations,44.739
2011.8333,Department stores,15.135
2011.8333,Online & other nonstore,30.807
2011.8333,Clothing stores,18.832
2011.8333,Grocery stores,45.821
2011.8333,Electronics & appliance,8.492
2011.8333,"Sporting goods, hobby, books",6.241
2011.8333,Furniture stores,7.19
2011.8333,Building materials & garden,22.732
2011.8333,Health & personal care,22.484
2011.8333,Motor vehicles & parts,68.75
2011.8333,Gas stations,45.456
2011.9167,Department stores,15.058
2011.9167,Online & other nonstore,30.599
2011.9167,Clothing stores,19.041
2011.9167,Grocery stores,45.766
2011.9167,Electronics & appliance,8.341
2011.9167,"Sporting goods, hobby, books",6.095
2011.9167,Furniture stores,7.323
2011.9167,Building materials & garden,23.281
2011.9167,Health & personal care,22.422
2011.9167,Motor vehicles & parts,69.946
2011.9167,Gas stations,45.214
2012.0,Department stores,14.972
2012.0,Online & other nonstore,30.477
2012.0,Clothing stores,19.119
2012.0,Grocery stores,45.926
2012.0,Electronics & appliance,8.409
2012.0,"Sporting goods, hobby, books",6.298
2012.0,Furniture stores,7.427
2012.0,Building materials & garden,23.435
2012.0,Health & personal care,22.716
2012.0,Motor vehicles & parts,70.093
2012.0,Gas stations,45.565
2012.0833,Department stores,15.2
2012.0833,Online & other nonstore,30.973
2012.0833,Clothing stores,19.817
2012.0833,Grocery stores,45.975
2012.0833,Electronics & appliance,8.445
2012.0833,"Sporting goods, hobby, books",6.392
2012.0833,Furniture stores,7.413
2012.0833,Building materials & garden,23.426
2012.0833,Health & personal care,22.709
2012.0833,Motor vehicles & parts,71.146
2012.0833,Gas stations,47.025
2012.1667,Department stores,15.121
2012.1667,Online & other nonstore,30.843
2012.1667,Clothing stores,19.593
2012.1667,Grocery stores,46.457
2012.1667,Electronics & appliance,8.606
2012.1667,"Sporting goods, hobby, books",6.528
2012.1667,Furniture stores,7.383
2012.1667,Building materials & garden,24.394
2012.1667,Health & personal care,22.696
2012.1667,Motor vehicles & parts,71.115
2012.1667,Gas stations,47.437
2012.25,Department stores,14.828
2012.25,Online & other nonstore,31.214
2012.25,Clothing stores,19.109
2012.25,Grocery stores,46.542
2012.25,Electronics & appliance,8.482
2012.25,"Sporting goods, hobby, books",6.546
2012.25,Furniture stores,7.291
2012.25,Building materials & garden,23.25
2012.25,Health & personal care,22.774
2012.25,Motor vehicles & parts,71.431
2012.25,Gas stations,46.814
2012.3333,Department stores,14.631
2012.3333,Online & other nonstore,31.852
2012.3333,Clothing stores,19.16
2012.3333,Grocery stores,46.536
2012.3333,Electronics & appliance,8.614
2012.3333,"Sporting goods, hobby, books",6.557
2012.3333,Furniture stores,7.438
2012.3333,Building materials & garden,22.531
2012.3333,Health & personal care,22.591
2012.3333,Motor vehicles & parts,72.182
2012.3333,Gas stations,45.586
2012.4167,Department stores,14.713
2012.4167,Online & other nonstore,31.8
2012.4167,Clothing stores,19.432
2012.4167,Grocery stores,46.554
2012.4167,Electronics & appliance,8.542
2012.4167,"Sporting goods, hobby, books",6.512
2012.4167,Furniture stores,7.351
2012.4167,Building materials & garden,22.343
2012.4167,Health & personal care,22.164
2012.4167,Motor vehicles & parts,70.904
2012.4167,Gas stations,43.648
2012.5,Department stores,14.734
2012.5,Online & other nonstore,32.204
2012.5,Clothing stores,19.238
2012.5,Grocery stores,46.631
2012.5,Electronics & appliance,8.649
2012.5,"Sporting goods, hobby, books",6.508
2012.5,Furniture stores,7.438
2012.5,Building materials & garden,22.493
2012.5,Health & personal care,22.505
2012.5,Motor vehicles & parts,71.701
2012.5,Gas stations,43.336
2012.5833,Department stores,14.712
2012.5833,Online & other nonstore,32.61
2012.5833,Clothing stores,19.493
2012.5833,Grocery stores,46.735
2012.5833,Electronics & appliance,8.535
2012.5833,"Sporting goods, hobby, books",6.451
2012.5833,Furniture stores,7.389
2012.5833,Building materials & garden,22.926
2012.5833,Health & personal care,22.442
2012.5833,Motor vehicles & parts,72.468
2012.5833,Gas stations,46.294
2012.6667,Department stores,14.669
2012.6667,Online & other nonstore,32.854
2012.6667,Clothing stores,19.636
2012.6667,Grocery stores,46.82
2012.6667,Electronics & appliance,8.539
2012.6667,"Sporting goods, hobby, books",6.417
2012.6667,Furniture stores,7.409
2012.6667,Building materials & garden,23.414
2012.6667,Health & personal care,22.292
2012.6667,Motor vehicles & parts,73.767
2012.6667,Gas stations,47.033
2012.75,Department stores,14.493
2012.75,Online & other nonstore,32.693
2012.75,Clothing stores,19.427
2012.75,Grocery stores,47.101
2012.75,Electronics & appliance,8.213
2012.75,"Sporting goods, hobby, books",6.441
2012.75,Furniture stores,7.208
2012.75,Building materials & garden,23.591
2012.75,Health & personal care,22.197
2012.75,Motor vehicles & parts,73.279
2012.75,Gas stations,47.925
2012.8333,Department stores,14.391
2012.8333,Online & other nonstore,33.293
2012.8333,Clothing stores,19.498
2012.8333,Grocery stores,46.986
2012.8333,Electronics & appliance,8.535
2012.8333,"Sporting goods, hobby, books",6.385
2012.8333,Furniture stores,7.441
2012.8333,Building materials & garden,23.946
2012.8333,Health & personal care,22.345
2012.8333,Motor vehicles & parts,74.408
2012.8333,Gas stations,46.761
2012.9167,Department stores,14.399
2012.9167,Online & other nonstore,33.13
2012.9167,Clothing stores,19.707
2012.9167,Grocery stores,46.879
2012.9167,Electronics & appliance,8.692
2012.9167,"Sporting goods, hobby, books",6.533
2012.9167,Furniture stores,7.741
2012.9167,Building materials & garden,23.85
2012.9167,Health & personal care,22.561
2012.9167,Motor vehicles & parts,75.422
2012.9167,Gas stations,45.964
2013.0,Department stores,14.729
2013.0,Online & other nonstore,33.628
2013.0,Clothing stores,19.971
2013.0,Grocery stores,46.963
2013.0,Electronics & appliance,8.683
2013.0,"Sporting goods, hobby, books",6.706
2013.0,Furniture stores,7.719
2013.0,Building materials & garden,24.13
2013.0,Health & personal care,22.832
2013.0,Motor vehicles & parts,76.324
2013.0,Gas stations,45.989
2013.0833,Department stores,14.49
2013.0833,Online & other nonstore,33.484
2013.0833,Clothing stores,19.843
2013.0833,Grocery stores,47.444
2013.0833,Electronics & appliance,8.747
2013.0833,"Sporting goods, hobby, books",6.724
2013.0833,Furniture stores,7.663
2013.0833,Building materials & garden,24.523
2013.0833,Health & personal care,22.66
2013.0833,Motor vehicles & parts,77.271
2013.0833,Gas stations,49.009
2013.1667,Department stores,14.378
2013.1667,Online & other nonstore,33.287
2013.1667,Clothing stores,19.878
2013.1667,Grocery stores,47.382
2013.1667,Electronics & appliance,8.511
2013.1667,"Sporting goods, hobby, books",6.616
2013.1667,Furniture stores,7.68
2013.1667,Building materials & garden,24.485
2013.1667,Health & personal care,22.69
2013.1667,Motor vehicles & parts,76.508
2013.1667,Gas stations,47.626
2013.25,Department stores,14.154
2013.25,Online & other nonstore,33.197
2013.25,Clothing stores,19.979
2013.25,Grocery stores,46.955
2013.25,Electronics & appliance,8.536
2013.25,"Sporting goods, hobby, books",6.508
2013.25,Furniture stores,7.635
2013.25,Building materials & garden,24.56
2013.25,Health & personal care,22.595
2013.25,Motor vehicles & parts,76.912
2013.25,Gas stations,46.043
2013.3333,Department stores,14.294
2013.3333,Online & other nonstore,33.196
2013.3333,Clothing stores,19.932
2013.3333,Grocery stores,47.492
2013.3333,Electronics & appliance,8.544
2013.3333,"Sporting goods, hobby, books",6.579
2013.3333,Furniture stores,7.567
2013.3333,Building materials & garden,25.163
2013.3333,Health & personal care,22.692
2013.3333,Motor vehicles & parts,78.388
2013.3333,Gas stations,45.498
2013.4167,Department stores,14.194
2013.4167,Online & other nonstore,33.157
2013.4167,Clothing stores,19.89
2013.4167,Grocery stores,47.481
2013.4167,Electronics & appliance,8.557
2013.4167,"Sporting goods, hobby, books",6.605
2013.4167,Furniture stores,7.779
2013.4167,Building materials & garden,24.604
2013.4167,Health & personal care,22.661
2013.4167,Motor vehicles & parts,80.027
2013.4167,Gas stations,45.76
2013.5,Department stores,14.046
2013.5,Online & other nonstore,33.517
2013.5,Clothing stores,20.084
2013.5,Grocery stores,47.735
2013.5,Electronics & appliance,8.48
2013.5,"Sporting goods, hobby, books",6.633
2013.5,Furniture stores,7.758
2013.5,Building materials & garden,25.168
2013.5,Health & personal care,22.904
2013.5,Motor vehicles & parts,80.2
2013.5,Gas stations,45.886
2013.5833,Department stores,14.024
2013.5833,Online & other nonstore,33.657
2013.5833,Clothing stores,19.857
2013.5833,Grocery stores,47.908
2013.5833,Electronics & appliance,8.475
2013.5833,"Sporting goods, hobby, books",6.476
2013.5833,Furniture stores,7.823
2013.5833,Building materials & garden,25.111
2013.5833,Health & personal care,22.926
2013.5833,Motor vehicles & parts,79.923
2013.5833,Gas stations,45.547
2013.6667,Department stores,14.103
2013.6667,Online & other nonstore,33.714
2013.6667,Clothing stores,19.833
2013.6667,Grocery stores,47.97
2013.6667,Electronics & appliance,8.429
2013.6667,"Sporting goods, hobby, books",6.573
2013.6667,Furniture stores,7.867
2013.6667,Building materials & garden,25.113
2013.6667,Health & personal care,23.318
2013.6667,Motor vehicles & parts,78.83
2013.6667,Gas stations,45.614
2013.75,Department stores,14.225
2013.75,Online & other nonstore,33.623
2013.75,Clothing stores,20.25
2013.75,Grocery stores,48.13
2013.75,Electronics & appliance,8.509
2013.75,"Sporting goods, hobby, books",6.563
2013.75,Furniture stores,7.977
2013.75,Building materials & garden,24.744
2013.75,Health & personal care,23.34
2013.75,Motor vehicles & parts,80.095
2013.75,Gas stations,44.851
2013.8333,Department stores,14.019
2013.8333,Online & other nonstore,34.383
2013.8333,Clothing stores,19.813
2013.8333,Grocery stores,48.185
2013.8333,Electronics & appliance,8.446
2013.8333,"Sporting goods, hobby, books",6.584
2013.8333,Furniture stores,8.048
2013.8333,Building materials & garden,24.667
2013.8333,Health & personal care,23.337
2013.8333,Motor vehicles & parts,80.387
2013.8333,Gas stations,44.638
2013.9167,Department stores,13.96
2013.9167,Online & other nonstore,35.302
2013.9167,Clothing stores,20.016
2013.9167,Grocery stores,48.632
2013.9167,Electronics & appliance,8.357
2013.9167,"Sporting goods, hobby, books",6.57
2013.9167,Furniture stores,7.756
2013.9167,Building materials & garden,24.806
2013.9167,Health & personal care,23.385
2013.9167,Motor vehicles & parts,80.04
2013.9167,Gas stations,46.488
2014.0,Department stores,13.698
2014.0,Online & other nonstore,34.46
2014.0,Clothing stores,20.093
2014.0,Grocery stores,48.839
2014.0,Electronics & appliance,8.388
2014.0,"Sporting goods, hobby, books",6.203
2014.0,Furniture stores,7.62
2014.0,Building materials & garden,24.776
2014.0,Health & personal care,23.344
2014.0,Motor vehicles & parts,77.857
2014.0,Gas stations,47.01
2014.0833,Department stores,14.11
2014.0833,Online & other nonstore,35.192
2014.0833,Clothing stores,20.044
2014.0833,Grocery stores,48.86
2014.0833,Electronics & appliance,8.413
2014.0833,"Sporting goods, hobby, books",6.508
2014.0833,Furniture stores,7.906
2014.0833,Building materials & garden,24.673
2014.0833,Health & personal care,23.458
2014.0833,Motor vehicles & parts,79.995
2014.0833,Gas stations,47.404
2014.1667,Department stores,14.112
2014.1667,Online & other nonstore,35.673
2014.1667,Clothing stores,20.152
2014.1667,Grocery stores,48.897
2014.1667,Electronics & appliance,8.454
2014.1667,"Sporting goods, hobby, books",6.506
2014.1667,Furniture stores,8.03
2014.1667,Building materials & garden,25.071
2014.1667,Health & personal care,23.59
2014.1667,Motor vehicles & parts,83.022
2014.1667,Gas stations,46.804
2014.25,Department stores,14.397
2014.25,Online & other nonstore,35.704
2014.25,Clothing stores,20.65
2014.25,Grocery stores,49.234
2014.25,Electronics & appliance,8.422
2014.25,"Sporting goods, hobby, books",6.611
2014.25,Furniture stores,8.16
2014.25,Building materials & garden,25.942
2014.25,Health & personal care,23.78
2014.25,Motor vehicles & parts,84.398
2014.25,Gas stations,46.98
2014.3333,Department stores,14.219
2014.3333,Online & other nonstore,35.8
2014.3333,Clothing stores,20.27
2014.3333,Grocery stores,49.51
2014.3333,Electronics & appliance,8.296
2014.3333,"Sporting goods, hobby, books",6.578
2014.3333,Furniture stores,8.138
2014.3333,Building materials & garden,26.221
2014.3333,Health & personal care,24.112
2014.3333,Motor vehicles & parts,84.479
2014.3333,Gas stations,46.727
2014.4167,Department stores,14.003
2014.4167,Online & other nonstore,36.46
2014.4167,Clothing stores,20.308
2014.4167,Grocery stores,49.832
2014.4167,Electronics & appliance,8.212
2014.4167,"Sporting goods, hobby, books",6.665
2014.4167,Furniture stores,8.148
2014.4167,Building materials & garden,26.434
2014.4167,Health & personal care,24.297
2014.4167,Motor vehicles & parts,84.743
2014.4167,Gas stations,45.643
2014.5,Department stores,14.071
2014.5,Online & other nonstore,36.447
2014.5,Clothing stores,20.38
2014.5,Grocery stores,50.05
2014.5,Electronics & appliance,8.292
2014.5,"Sporting goods, hobby, books",6.644
2014.5,Furniture stores,8.171
2014.5,Building materials & garden,25.902
2014.5,Health & personal care,24.321
2014.5,Motor vehicles & parts,85.176
2014.5,Gas stations,45.677
2014.5833,Department stores,14.109
2014.5833,Online & other nonstore,36.811
2014.5833,Clothing stores,20.544
2014.5833,Grocery stores,50.236
2014.5833,Electronics & appliance,8.366
2014.5833,"Sporting goods, hobby, books",6.893
2014.5833,Furniture stores,8.309
2014.5833,Building materials & garden,26.423
2014.5833,Health & personal care,24.398
2014.5833,Motor vehicles & parts,85.953
2014.5833,Gas stations,45.82
2014.6667,Department stores,13.859
2014.6667,Online & other nonstore,36.915
2014.6667,Clothing stores,20.279
2014.6667,Grocery stores,50.413
2014.6667,Electronics & appliance,8.509
2014.6667,"Sporting goods, hobby, books",6.768
2014.6667,Furniture stores,8.243
2014.6667,Building materials & garden,26.3
2014.6667,Health & personal care,24.505
2014.6667,Motor vehicles & parts,84.871
2014.6667,Gas stations,45.3
2014.75,Department stores,13.877
2014.75,Online & other nonstore,37.383
2014.75,Clothing stores,20.629
2014.75,Grocery stores,50.636
2014.75,Electronics & appliance,8.477
2014.75,"Sporting goods, hobby, books",6.871
2014.75,Furniture stores,8.276
2014.75,Building materials & garden,26.338
2014.75,Health & personal care,24.41
2014.75,Motor vehicles & parts,85.352
2014.75,Gas stations,44.415
2014.8333,Department stores,13.928
2014.8333,Online & other nonstore,37.551
2014.8333,Clothing stores,20.827
2014.8333,Grocery stores,50.667
2014.8333,Electronics & appliance,8.794
2014.8333,"Sporting goods, hobby, books",6.853
2014.8333,Furniture stores,8.388
2014.8333,Building materials & garden,26.397
2014.8333,Health & personal care,24.514
2014.8333,Motor vehicles & parts,86.457
2014.8333,Gas stations,43.543
2014.9167,Department stores,13.977
2014.9167,Online & other nonstore,37.671
2014.9167,Clothing stores,20.722
2014.9167,Grocery stores,50.805
2014.9167,Electronics & appliance,8.641
2014.9167,"Sporting goods, hobby, books",6.78
2014.9167,Furniture stores,8.512
2014.9167,Building materials & garden,26.103
2014.9167,Health & personal care,24.662
2014.9167,Motor vehicles & parts,85.891
2014.9167,Gas stations,40.403
2015.0,Department stores,13.952
2015.0,Online & other nonstore,37.717
2015.0,Clothing stores,20.607
2015.0,Grocery stores,50.949
2015.0,Electronics & appliance,8.505
2015.0,"Sporting goods, hobby, books",6.656
2015.0,Furniture stores,8.485
2015.0,Building materials & garden,26.312
2015.0,Health & personal care,24.857
2015.0,Motor vehicles & parts,87.056
2015.0,Gas stations,36.531
2015.0833,Department stores,13.774
2015.0833,Online & other nonstore,38.632
2015.0833,Clothing stores,20.769
2015.0833,Grocery stores,51.027
2015.0833,Electronics & appliance,8.376
2015.0833,"Sporting goods, hobby, books",6.696
2015.0833,Furniture stores,8.304
2015.0833,Building materials & garden,25.376
2015.0833,Health & personal care,24.629
2015.0833,Motor vehicles & parts,85.679
2015.0833,Gas stations,37.755
2015.1667,Department stores,13.867
2015.1667,Online & other nonstore,38.404
2015.1667,Clothing stores,20.812
2015.1667,Grocery stores,50.972
2015.1667,Electronics & appliance,8.157
2015.1667,"Sporting goods, hobby, books",6.787
2015.1667,Furniture stores,8.546
2015.1667,Building materials & garden,26.305
2015.1667,Health & personal care,25.209
2015.1667,Motor vehicles & parts,89.649
2015.1667,Gas stations,38.276
2015.25,Department stores,13.759
2015.25,Online & other nonstore,38.648
2015.25,Clothing stores,20.917
2015.25,Grocery stores,50.83
2015.25,Electronics & appliance,8.289
2015.25,"Sporting goods, hobby, books",6.796
2015.25,Furniture stores,8.661
2015.25,Building materials & garden,26.563
2015.25,Health & personal care,24.774
2015.25,Motor vehicles & parts,90.206
2015.25,Gas stations,37.688
2015.3333,Department stores,13.96
2015.3333,Online & other nonstore,38.541
2015.3333,Clothing stores,21.08
2015.3333,Grocery stores,50.928
2015.3333,Electronics & appliance,8.327
2015.3333,"Sporting goods, hobby, books",6.851
2015.3333,Furniture stores,8.856
2015.3333,Building materials & garden,26.619
2015.3333,Health & personal care,24.747
2015.3333,Motor vehicles & parts,90.924
2015.3333,Gas stations,39.194
2015.4167,Department stores,13.66
2015.4167,Online & other nonstore,38.615
2015.4167,Clothing stores,20.809
2015.4167,Grocery stores,51.137
2015.4167,Electronics & appliance,8.394
2015.4167,"Sporting goods, hobby, books",6.793
2015.4167,Furniture stores,8.688
2015.4167,Building materials & garden,26.331
2015.4167,Health & personal care,24.913
2015.4167,Motor vehicles & parts,90.764
2015.4167,Gas stations,39.696
2015.5,Department stores,13.644
2015.5,Online & other nonstore,39.425
2015.5,Clothing stores,21.033
2015.5,Grocery stores,51.301
2015.5,Electronics & appliance,8.24
2015.5,"Sporting goods, hobby, books",6.847
2015.5,Furniture stores,8.853
2015.5,Building materials & garden,27.215
2015.5,Health & personal care,25.141
2015.5,Motor vehicles & parts,91.178
2015.5,Gas stations,40.208
2015.5833,Department stores,13.64
2015.5833,Online & other nonstore,39.307
2015.5833,Clothing stores,21.077
2015.5833,Grocery stores,51.214
2015.5833,Electronics & appliance,8.242
2015.5833,"Sporting goods, hobby, books",6.882
2015.5833,Furniture stores,8.861
2015.5833,Building materials & garden,27.209
2015.5833,Health & personal care,25.292
2015.5833,Motor vehicles & parts,91.832
2015.5833,Gas stations,39.108
2015.6667,Department stores,13.695
2015.6667,Online & other nonstore,39.752
2015.6667,Clothing stores,20.877
2015.6667,Grocery stores,51.114
2015.6667,Electronics & appliance,8.255
2015.6667,"Sporting goods, hobby, books",6.912
2015.6667,Furniture stores,8.868
2015.6667,Building materials & garden,27.029
2015.6667,Health & personal care,25.608
2015.6667,Motor vehicles & parts,92.253
2015.6667,Gas stations,36.803
2015.75,Department stores,13.631
2015.75,Online & other nonstore,40.018
2015.75,Clothing stores,20.749
2015.75,Grocery stores,50.985
2015.75,Electronics & appliance,8.154
2015.75,"Sporting goods, hobby, books",6.819
2015.75,Furniture stores,8.963
2015.75,Building materials & garden,27.176
2015.75,Health & personal care,25.419
2015.75,Motor vehicles & parts,91.437
2015.75,Gas stations,36.483
2015.8333,Department stores,13.648
2015.8333,Online & other nonstore,39.901
2015.8333,Clothing stores,20.779
2015.8333,Grocery stores,51.259
2015.8333,Electronics & appliance,8.102
2015.8333,"Sporting goods, hobby, books",6.906
2015.8333,Furniture stores,8.95
2015.8333,Building materials & garden,27.437
2015.8333,Health & personal care,25.556
2015.8333,Motor vehicles & parts,92.525
2015.8333,Gas stations,36.017
2015.9167,Department stores,13.545
2015.9167,Online & other nonstore,40.111
2015.9167,Clothing stores,20.918
2015.9167,Grocery stores,51.053
2015.9167,Electronics & appliance,8.007
2015.9167,"Sporting goods, hobby, books",7.051
2015.9167,Furniture stores,9.161
2015.9167,Building materials & garden,27.988
2015.9167,Health & personal care,25.784
2015.9167,Motor vehicles & parts,92.218
2015.9167,Gas stations,35.784
2016.0,Department stores,13.242
2016.0,Online & other nonstore,40.864
2016.0,Clothing stores,20.83
2016.0,Grocery stores,51.323
2016.0,Electronics & appliance,7.849
2016.0,"Sporting goods, hobby, books",6.999
2016.0,Furniture stores,9.039
2016.0,Building materials & garden,27.988
2016.0,Health & personal care,25.587
2016.0,Motor vehicles & parts,91.798
2016.0,Gas stations,34.459
2016.0833,Department stores,13.214
2016.0833,Online & other nonstore,41.046
2016.0833,Clothing stores,21.387
2016.0833,Grocery stores,51.245
2016.0833,Electronics & appliance,7.931
2016.0833,"Sporting goods, hobby, books",6.998
2016.0833,Furniture stores,9.066
2016.0833,Building materials & garden,28.041
2016.0833,Health & personal care,26.116
2016.0833,Motor vehicles & parts,93.713
2016.0833,Gas stations,32.828
2016.1667,Department stores,13.146
2016.1667,Online & other nonstore,41.024
2016.1667,Clothing stores,20.918
2016.1667,Grocery stores,50.893
2016.1667,Electronics & appliance,7.764
2016.1667,"Sporting goods, hobby, books",6.985
2016.1667,Furniture stores,9.026
2016.1667,Building materials & garden,28.714
2016.1667,Health & personal care,25.974
2016.1667,Motor vehicles & parts,92.065
2016.1667,Gas stations,34.051
2016.25,Department stores,12.886
2016.25,Online & other nonstore,41.743
2016.25,Clothing stores,20.855
2016.25,Grocery stores,51.494
2016.25,Electronics & appliance,7.773
2016.25,"Sporting goods, hobby, books",6.926
2016.25,Furniture stores,9.014
2016.25,Building materials & garden,27.785
2016.25,Health & personal care,26.17
2016.25,Motor vehicles & parts,92.488
2016.25,Gas stations,35.09
2016.3333,Department stores,12.765
2016.3333,Online & other nonstore,42.392
2016.3333,Clothing stores,20.965
2016.3333,Grocery stores,51.671
2016.3333,Electronics & appliance,7.798
2016.3333,"Sporting goods, hobby, books",6.966
2016.3333,Furniture stores,9.061
2016.3333,Building materials & garden,27.334
2016.3333,Health & personal care,26.146
2016.3333,Motor vehicles & parts,92.706
2016.3333,Gas stations,35.911
2016.4167,Department stores,13.059
2016.4167,Online & other nonstore,43.012
2016.4167,Clothing stores,21.099
2016.4167,Grocery stores,51.987
2016.4167,Electronics & appliance,7.77
2016.4167,"Sporting goods, hobby, books",7.263
2016.4167,Furniture stores,9.213
2016.4167,Building materials & garden,28.143
2016.4167,Health & personal care,26.256
2016.4167,Motor vehicles & parts,93.454
2016.4167,Gas stations,37.04
2016.5,Department stores,12.79
2016.5,Online & other nonstore,42.959
2016.5,Clothing stores,20.903
2016.5,Grocery stores,51.685
2016.5,Electronics & appliance,7.82
2016.5,"Sporting goods, hobby, books",6.939
2016.5,Furniture stores,9.151
2016.5,Building materials & garden,27.843
2016.5,Health & personal care,26.25
2016.5,Motor vehicles & parts,94.683
2016.5,Gas stations,36.72
2016.5833,Department stores,12.818
2016.5833,Online & other nonstore,43.235
2016.5833,Clothing stores,21.215
2016.5833,Grocery stores,51.926
2016.5833,Electronics & appliance,7.89
2016.5833,"Sporting goods, hobby, books",6.753
2016.5833,Furniture stores,9.12
2016.5833,Building materials & garden,27.655
2016.5833,Health & personal care,26.147
2016.5833,Motor vehicles & parts,95.07
2016.5833,Gas stations,35.836
2016.6667,Department stores,12.725
2016.6667,Online & other nonstore,43.645
2016.6667,Clothing stores,21.347
2016.6667,Grocery stores,52.284
2016.6667,Electronics & appliance,7.605
2016.6667,"Sporting goods, hobby, books",6.778
2016.6667,Furniture stores,9.34
2016.6667,Building materials & garden,27.836
2016.6667,Health & personal care,26.166
2016.6667,Motor vehicles & parts,95.834
2016.6667,Gas stations,36.774
2016.75,Department stores,12.636
2016.75,Online & other nonstore,44.042
2016.75,Clothing stores,21.165
2016.75,Grocery stores,52.546
2016.75,Electronics & appliance,7.519
2016.75,"Sporting goods, hobby, books",6.814
2016.75,Furniture stores,9.171
2016.75,Building materials & garden,27.853
2016.75,Health & personal care,25.356
2016.75,Motor vehicles & parts,95.532
2016.75,Gas stations,37.8
2016.8333,Department stores,12.33
2016.8333,Online & other nonstore,44.295
2016.8333,Clothing stores,20.927
2016.8333,Grocery stores,52.57
2016.8333,Electronics & appliance,7.423
2016.8333,"Sporting goods, hobby, books",6.696
2016.8333,Furniture stores,9.161
2016.8333,Building materials & garden,28.03
2016.8333,Health & personal care,25.604
2016.8333,Motor vehicles & parts,95.22
2016.8333,Gas stations,37.388
2016.9167,Department stores,12.324
2016.9167,Online & other nonstore,45.319
2016.9167,Clothing stores,21.374
2016.9167,Grocery stores,52.953
2016.9167,Electronics & appliance,7.488
2016.9167,"Sporting goods, hobby, books",6.807
2016.9167,Furniture stores,9.138
2016.9167,Building materials & garden,27.95
2016.9167,Health & personal care,25.687
2016.9167,Motor vehicles & parts,97.895
2016.9167,Gas stations,39.288
2017.0,Department stores,12.631
2017.0,Online & other nonstore,45.523
2017.0,Clothing stores,21.488
2017.0,Grocery stores,53.003
2017.0,Electronics & appliance,7.583
2017.0,"Sporting goods, hobby, books",6.919
2017.0,Furniture stores,9.291
2017.0,Building materials & garden,28.26
2017.0,Health & personal care,25.711
2017.0,Motor vehicles & parts,97.827
2017.0,Gas stations,39.807
2017.0833,Department stores,12.419
2017.0833,Online & other nonstore,45.735
2017.0833,Clothing stores,21.101
2017.0833,Grocery stores,53.421
2017.0833,Electronics & appliance,7.505
2017.0833,"Sporting goods, hobby, books",6.799
2017.0833,Furniture stores,9.287
2017.0833,Building materials & garden,28.684
2017.0833,Health & personal care,26.015
2017.0833,Motor vehicles & parts,97.227
2017.0833,Gas stations,40.144
2017.1667,Department stores,12.419
2017.1667,Online & other nonstore,46.412
2017.1667,Clothing stores,21.246
2017.1667,Grocery stores,53.848
2017.1667,Electronics & appliance,7.685
2017.1667,"Sporting goods, hobby, books",6.719
2017.1667,Furniture stores,9.352
2017.1667,Building materials & garden,28.506
2017.1667,Health & personal care,26.174
2017.1667,Motor vehicles & parts,95.402
2017.1667,Gas stations,39.843
2017.25,Department stores,12.399
2017.25,Online & other nonstore,46.803
2017.25,Clothing stores,21.292
2017.25,Grocery stores,53.979
2017.25,Electronics & appliance,7.771
2017.25,"Sporting goods, hobby, books",6.763
2017.25,Furniture stores,9.204
2017.25,Building materials & garden,28.835
2017.25,Health & personal care,26.376
2017.25,Motor vehicles & parts,95.953
2017.25,Gas stations,39.603
2017.3333,Department stores,12.258
2017.3333,Online & other nonstore,47.403
2017.3333,Clothing stores,21.057
2017.3333,Grocery stores,53.988
2017.3333,Electronics & appliance,7.622
2017.3333,"Sporting goods, hobby, books",6.684
2017.3333,Furniture stores,9.285
2017.3333,Building materials & garden,28.534
2017.3333,Health & personal care,26.452
2017.3333,Motor vehicles & parts,96.227
2017.3333,Gas stations,38.039
2017.4167,Department stores,12.289
2017.4167,Online & other nonstore,47.858
2017.4167,Clothing stores,21.201
2017.4167,Grocery stores,53.879
2017.4167,Electronics & appliance,7.543
2017.4167,"Sporting goods, hobby, books",6.689
2017.4167,Furniture stores,9.373
2017.4167,Building materials & garden,28.571
2017.4167,Health & personal care,26.668
2017.4167,Motor vehicles & parts,97.254
2017.4167,Gas stations,37.374
2017.5,Department stores,12.122
2017.5,Online & other nonstore,48.145
2017.5,Clothing stores,21.073
2017.5,Grocery stores,53.867
2017.5,Electronics & appliance,7.474
2017.5,"Sporting goods, hobby, books",6.569
2017.5,Furniture stores,9.316
2017.5,Building materials & garden,28.732
2017.5,Health & personal care,26.714
2017.5,Motor vehicles & parts,97.361
2017.5,Gas stations,37.358
2017.5833,Department stores,12.068
2017.5833,Online & other nonstore,48.419
2017.5833,Clothing stores,21.186
2017.5833,Grocery stores,54.159
2017.5833,Electronics & appliance,7.469
2017.5833,"Sporting goods, hobby, books",6.637
2017.5833,Furniture stores,9.39
2017.5833,Building materials & garden,28.7
2017.5833,Health & personal care,26.985
2017.5833,Motor vehicles & parts,95.539
2017.5833,Gas stations,38.539
2017.6667,Department stores,12.096
2017.6667,Online & other nonstore,48.93
2017.6667,Clothing stores,21.294
2017.6667,Grocery stores,54.793
2017.6667,Electronics & appliance,7.536
2017.6667,"Sporting goods, hobby, books",6.713
2017.6667,Furniture stores,9.346
2017.6667,Building materials & garden,29.783
2017.6667,Health & personal care,27.068
2017.6667,Motor vehicles & parts,99.355
2017.6667,Gas stations,40.734
2017.75,Department stores,11.997
2017.75,Online & other nonstore,48.44
2017.75,Clothing stores,21.197
2017.75,Grocery stores,54.927
2017.75,Electronics & appliance,7.592
2017.75,"Sporting goods, hobby, books",6.729
2017.75,Furniture stores,9.609
2017.75,Building materials & garden,29.325
2017.75,Health & personal care,27.24
2017.75,Motor vehicles & parts,100.056
2017.75,Gas stations,40.735
2017.8333,Department stores,12.083
2017.8333,Online & other nonstore,50.97
2017.8333,Clothing stores,21.447
2017.8333,Grocery stores,54.923
2017.8333,Electronics & appliance,7.782
2017.8333,"Sporting goods, hobby, books",6.817
2017.8333,Furniture stores,9.711
2017.8333,Building materials & garden,29.817
2017.8333,Health & personal care,27.385
2017.8333,Motor vehicles & parts,99.233
2017.8333,Gas stations,41.745
2017.9167,Department stores,11.912
2017.9167,Online & other nonstore,51.829
2017.9167,Clothing stores,21.213
2017.9167,Grocery stores,55.629
2017.9167,Electronics & appliance,7.685
2017.9167,"Sporting goods, hobby, books",6.789
2017.9167,Furniture stores,9.834
2017.9167,Building materials & garden,29.848
2017.9167,Health & personal care,27.236
2017.9167,Motor vehicles & parts,99.075
2017.9167,Gas stations,42.631
2018.0,Department stores,12.102
2018.0,Online & other nonstore,51.63
2018.0,Clothing stores,21.245
2018.0,Grocery stores,55.026
2018.0,Electronics & appliance,7.725
2018.0,"Sporting goods, hobby, books",6.497
2018.0,Furniture stores,9.633
2018.0,Building materials & garden,28.805
2018.0,Health & personal care,27.252
2018.0,Motor vehicles & parts,98.428
2018.0,Gas stations,42.765
2018.0833,Department stores,12.109
2018.0833,Online & other nonstore,51.683
2018.0833,Clothing stores,21.771
2018.0833,Grocery stores,55.294
2018.0833,Electronics & appliance,7.826
2018.0833,"Sporting goods, hobby, books",6.794
2018.0833,Furniture stores,9.657
2018.0833,Building materials & garden,29.754
2018.0833,Health & personal care,27.097
2018.0833,Motor vehicles & parts,98.17
2018.0833,Gas stations,43.09
2018.1667,Department stores,11.433
2018.1667,Online & other nonstore,52.43
2018.1667,Clothing stores,21.144
2018.1667,Grocery stores,55.452
2018.1667,Electronics & appliance,7.752
2018.1667,"Sporting goods, hobby, books",6.845
2018.1667,Furniture stores,9.673
2018.1667,Building materials & garden,29.427
2018.1667,Health & personal care,27.273
2018.1667,Motor vehicles & parts,98.338
2018.1667,Gas stations,42.824
2018.25,Department stores,12.202
2018.25,Online & other nonstore,52.97
2018.25,Clothing stores,21.458
2018.25,Grocery stores,55.584
2018.25,Electronics & appliance,7.825
2018.25,"Sporting goods, hobby, books",6.773
2018.25,Furniture stores,9.799
2018.25,Building materials & garden,29.637
2018.25,Health & personal care,27.542
2018.25,Motor vehicles & parts,98.39
2018.25,Gas stations,42.962
2018.3333,Department stores,12.313
2018.3333,Online & other nonstore,53.427
2018.3333,Clothing stores,22.172
2018.3333,Grocery stores,55.63
2018.3333,Electronics & appliance,7.791
2018.3333,"Sporting goods, hobby, books",6.76
2018.3333,Furniture stores,9.718
2018.3333,Building materials & garden,30.464
2018.3333,Health & personal care,28.029
2018.3333,Motor vehicles & parts,99.291
2018.3333,Gas stations,43.955
2018.4167,Department stores,11.797
2018.4167,Online & other nonstore,53.515
2018.4167,Clothing stores,21.628
2018.4167,Grocery stores,55.48
2018.4167,Electronics & appliance,7.828
2018.4167,"Sporting goods, hobby, books",6.559
2018.4167,Furniture stores,9.76
2018.4167,Building materials & garden,30.962
2018.4167,Health & personal care,27.714
2018.4167,Motor vehicles & parts,98.841
2018.4167,Gas stations,43.721
2018.5,Department stores,11.863
2018.5,Online & other nonstore,54.383
2018.5,Clothing stores,21.947
2018.5,Grocery stores,55.787
2018.5,Electronics & appliance,7.737
2018.5,"Sporting goods, hobby, books",6.266
2018.5,Furniture stores,9.811
2018.5,Building materials & garden,31.095
2018.5,Health & personal care,27.854
2018.5,Motor vehicles & parts,99.315
2018.5,Gas stations,43.909
2018.5833,Department stores,11.76
2018.5833,Online & other nonstore,54.696
2018.5833,Clothing stores,21.516
2018.5833,Grocery stores,55.67
2018.5833,Electronics & appliance,7.792
2018.5833,"Sporting goods, hobby, books",6.204
2018.5833,Furniture stores,9.676
2018.5833,Building materials & garden,30.714
2018.5833,Health & personal care,28.105
2018.5833,Motor vehicles & parts,98.656
2018.5833,Gas stations,44.634
2018.6667,Department stores,11.596
2018.6667,Online & other nonstore,55.239
2018.6667,Clothing stores,21.405
2018.6667,Grocery stores,55.972
2018.6667,Electronics & appliance,7.649
2018.6667,"Sporting goods, hobby, books",6.113
2018.6667,Furniture stores,9.676
2018.6667,Building materials & garden,30.883
2018.6667,Health & personal care,27.963
2018.6667,Motor vehicles & parts,98.044
2018.6667,Gas stations,44.136
2018.75,Department stores,11.729
2018.75,Online & other nonstore,55.451
2018.75,Clothing stores,21.841
2018.75,Grocery stores,56.146
2018.75,Electronics & appliance,7.684
2018.75,"Sporting goods, hobby, books",6.111
2018.75,Furniture stores,9.707
2018.75,Building materials & garden,31.386
2018.75,Health & personal care,28.24
2018.75,Motor vehicles & parts,98.586
2018.75,Gas stations,45.827
2018.8333,Department stores,11.873
2018.8333,Online & other nonstore,57.991
2018.8333,Clothing stores,21.895
2018.8333,Grocery stores,56.317
2018.8333,Electronics & appliance,7.649
2018.8333,"Sporting goods, hobby, books",6.161
2018.8333,Furniture stores,9.727
2018.8333,Building materials & garden,30.743
2018.8333,Health & personal care,28.76
2018.8333,Motor vehicles & parts,99.709
2018.8333,Gas stations,43.449
2018.9167,Department stores,11.494
2018.9167,Online & other nonstore,51.416
2018.9167,Clothing stores,21.565
2018.9167,Grocery stores,56.331
2018.9167,Electronics & appliance,7.548
2018.9167,"Sporting goods, hobby, books",6.055
2018.9167,Furniture stores,9.839
2018.9167,Building materials & garden,30.713
2018.9167,Health & personal care,27.554
2018.9167,Motor vehicles & parts,100.62
2018.9167,Gas stations,40.956
2019.0,Department stores,11.428
2019.0,Online & other nonstore,56.103
2019.0,Clothing stores,21.463
2019.0,Grocery stores,57.229
2019.0,Electronics & appliance,7.604
2019.0,"Sporting goods, hobby, books",6.166
2019.0,Furniture stores,9.58
2019.0,Building materials & garden,31.817
2019.0,Health & personal care,28.419
2019.0,Motor vehicles & parts,97.739
2019.0,Gas stations,39.843
2019.0833,Department stores,11.438
2019.0833,Online & other nonstore,56.531
2019.0833,Clothing stores,21.504
2019.0833,Grocery stores,56.043
2019.0833,Electronics & appliance,7.509
2019.0833,"Sporting goods, hobby, books",6.23
2019.0833,Furniture stores,9.595
2019.0833,Building materials & garden,30.29
2019.0833,Health & personal care,28.763
2019.0833,Motor vehicles & parts,98.97
2019.0833,Gas stations,41.418
2019.1667,Department stores,11.362
2019.1667,Online & other nonstore,56.344
2019.1667,Clothing stores,21.833
2019.1667,Grocery stores,57.133
2019.1667,Electronics & appliance,7.548
2019.1667,"Sporting goods, hobby, books",6.265
2019.1667,Furniture stores,9.708
2019.1667,Building materials & garden,30.625
2019.1667,Health & personal care,28.653
2019.1667,Motor vehicles & parts,101.705
2019.1667,Gas stations,43.173
2019.25,Department stores,11.357
2019.25,Online & other nonstore,56.648
2019.25,Clothing stores,21.771
2019.25,Grocery stores,57.386
2019.25,Electronics & appliance,7.353
2019.25,"Sporting goods, hobby, books",6.385
2019.25,Furniture stores,9.765
2019.25,Building materials & garden,30.643
2019.25,Health & personal care,28.584
2019.25,Motor vehicles & parts,99.558
2019.25,Gas stations,44.43
2019.3333,Department stores,11.338
2019.3333,Online & other nonstore,60.039
2019.3333,Clothing stores,21.58
2019.3333,Grocery stores,57.385
2019.3333,Electronics & appliance,7.517
2019.3333,"Sporting goods, hobby, books",6.408
2019.3333,Furniture stores,9.839
2019.3333,Building materials & garden,30.423
2019.3333,Health & personal care,28.791
2019.3333,Motor vehicles & parts,101.343
2019.3333,Gas stations,43.834
2019.4167,Department stores,11.185
2019.4167,Online & other nonstore,60.778
2019.4167,Clothing stores,21.582
2019.4167,Grocery stores,57.759
2019.4167,Electronics & appliance,7.477
2019.4167,"Sporting goods, hobby, books",6.452
2019.4167,Furniture stores,9.891
2019.4167,Building materials & garden,30.417
2019.4167,Health & personal care,28.636
2019.4167,Motor vehicles & parts,101.4
2019.4167,Gas stations,42.168
2019.5,Department stores,11.479
2019.5,Online & other nonstore,61.085
2019.5,Clothing stores,21.862
2019.5,Grocery stores,58.273
2019.5,Electronics & appliance,7.487
2019.5,"Sporting goods, hobby, books",6.344
2019.5,Furniture stores,9.917
2019.5,Building materials & garden,30.915
2019.5,Health & personal care,28.497
2019.5,Motor vehicles & parts,101.891
2019.5,Gas stations,42.748
2019.5833,Department stores,11.319
2019.5833,Online & other nonstore,61.553
2019.5833,Clothing stores,21.882
2019.5833,Grocery stores,58.398
2019.5833,Electronics & appliance,7.455
2019.5833,"Sporting goods, hobby, books",6.405
2019.5833,Furniture stores,9.897
2019.5833,Building materials & garden,31.27
2019.5833,Health & personal care,28.493
2019.5833,Motor vehicles & parts,104.265
2019.5833,Gas stations,42.757
2019.6667,Department stores,10.949
2019.6667,Online & other nonstore,61.977
2019.6667,Clothing stores,21.645
2019.6667,Grocery stores,57.858
2019.6667,Electronics & appliance,7.455
2019.6667,"Sporting goods, hobby, books",6.377
2019.6667,Furniture stores,10.045
2019.6667,Building materials & garden,30.945
2019.6667,Health & personal care,28.425
2019.6667,Motor vehicles & parts,101.747
2019.6667,Gas stations,42.48
2019.75,Department stores,10.947
2019.75,Online & other nonstore,62.048
2019.75,Clothing stores,21.693
2019.75,Grocery stores,57.677
2019.75,Electronics & appliance,7.392
2019.75,"Sporting goods, hobby, books",6.427
2019.75,Furniture stores,9.918
2019.75,Building materials & garden,30.876
2019.75,Health & personal care,28.704
2019.75,Motor vehicles & parts,101.871
2019.75,Gas stations,42.908
2019.8333,Department stores,11.139
2019.8333,Online & other nonstore,62.194
2019.8333,Clothing stores,21.674
2019.8333,Grocery stores,57.854
2019.8333,Electronics & appliance,7.42
2019.8333,"Sporting goods, hobby, books",6.203
2019.8333,Furniture stores,9.981
2019.8333,Building materials & garden,30.895
2019.8333,Health & personal care,28.465
2019.8333,Motor vehicles & parts,104.489
2019.8333,Gas stations,42.782
2019.9167,Department stores,10.952
2019.9167,Online & other nonstore,61.752
2019.9167,Clothing stores,22.475
2019.9167,Grocery stores,58.232
2019.9167,Electronics & appliance,7.442
2019.9167,"Sporting goods, hobby, books",6.404
2019.9167,Furniture stores,9.978
2019.9167,Building materials & garden,31.358
2019.9167,Health & personal care,28.126
2019.9167,Motor vehicles & parts,102.252
2019.9167,Gas stations,44.04
2020.0,Department stores,10.844
2020.0,Online & other nonstore,62.449
2020.0,Clothing stores,22.198
2020.0,Grocery stores,57.585
2020.0,Electronics & appliance,7.309
2020.0,"Sporting goods, hobby, books",6.419
2020.0,Furniture stores,10.193
2020.0,Building materials & garden,31.869
2020.0,Health & personal care,28.935
2020.0,Motor vehicles & parts,100.852
2020.0,Gas stations,43.191
2020.0833,Department stores,10.817
2020.0833,Online & other nonstore,63.299
2020.0833,Clothing stores,22.039
2020.0833,Grocery stores,57.675
2020.0833,Electronics & appliance,7.215
2020.0833,"Sporting goods, hobby, books",6.385
2020.0833,Furniture stores,10.025
2020.0833,Building materials & garden,31.846
2020.0833,Health & personal care,29.23
2020.0833,Motor vehicles & parts,101.452
2020.0833,Gas stations,41.373
2020.1667,Department stores,8.811
2020.1667,Online & other nonstore,66.854
2020.1667,Clothing stores,11.074
2020.1667,Grocery stores,73.89
2020.1667,Electronics & appliance,5.915
2020.1667,"Sporting goods, hobby, books",5.271
2020.1667,Furniture stores,7.819
2020.1667,Building materials & garden,31.761
2020.1667,Health & personal care,30.701
2020.1667,Motor vehicles & parts,74.573
2020.1667,Gas stations,34.937
2020.25,Department stores,6.206
2020.25,Online & other nonstore,75.27
2020.25,Clothing stores,2.733
2020.25,Grocery stores,63.861
2020.25,Electronics & appliance,3.297
2020.25,"Sporting goods, hobby, books",3.536
2020.25,Furniture stores,3.885
2020.25,Building materials & garden,31.576
2020.25,Health & personal care,26.149
2020.25,Motor vehicles & parts,64.335
2020.25,Gas stations,26.904
2020.3333,Department stores,8.7
2020.3333,Online & other nonstore,83.106
2020.3333,Clothing stores,8.051
2020.3333,Grocery stores,64.32
2020.3333,Electronics & appliance,4.065
2020.3333,"Sporting goods, hobby, books",6.165
2020.3333,Furniture stores,7.023
2020.3333,Building materials & garden,35.988
2020.3333,Health & personal care,26.601
2020.3333,Motor vehicles & parts,96.823
2020.3333,Gas stations,29.975
2020.4167,Department stores,9.514
2020.4167,Online & other nonstore,80.871
2020.4167,Clothing stores,16.725
2020.4167,Grocery stores,63.073
2020.4167,Electronics & appliance,5.731
2020.4167,"Sporting goods, hobby, books",7.783
2020.4167,Furniture stores,9.717
2020.4167,Building materials & garden,36.303
2020.4167,Health & personal care,28.472
2020.4167,Motor vehicles & parts,105.134
2020.4167,Gas stations,33.786
2020.5,Department stores,9.524
2020.5,Online & other nonstore,82.421
2020.5,Clothing stores,17.379
2020.5,Grocery stores,63.224
2020.5,Electronics & appliance,6.529
2020.5,"Sporting goods, hobby, books",7.532
2020.5,Furniture stores,10.012
2020.5,Building materials & garden,35.761
2020.5,Health & personal care,30.081
2020.5,Motor vehicles & parts,104.887
2020.5,Gas stations,35.422
2020.5833,Department stores,9.379
2020.5833,Online & other nonstore,84.574
2020.5833,Clothing stores,17.692
2020.5833,Grocery stores,62.124
2020.5833,Electronics & appliance,6.644
2020.5833,"Sporting goods, hobby, books",7.007
2020.5833,Furniture stores,10.493
2020.5833,Building materials & garden,36.148
2020.5833,Health & personal care,29.524
2020.5833,Motor vehicles & parts,105.564
2020.5833,Gas stations,36.279
2020.6667,Department stores,10.258
2020.6667,Online & other nonstore,84.138
2020.6667,Clothing stores,20.047
2020.6667,Grocery stores,62.045
2020.6667,Electronics & appliance,6.451
2020.6667,"Sporting goods, hobby, books",7.469
2020.6667,Furniture stores,10.576
2020.6667,Building materials & garden,36.584
2020.6667,Health & personal care,30.012
2020.6667,Motor vehicles & parts,109.319
2020.6667,Gas stations,36.72
2020.75,Department stores,9.856
2020.75,Online & other nonstore,84.825
2020.75,Clothing stores,19.565
2020.75,Grocery stores,61.697
2020.75,Electronics & appliance,6.87
2020.75,"Sporting goods, hobby, books",7.372
2020.75,Furniture stores,10.457
2020.75,Building materials & garden,36.025
2020.75,Health & personal care,29.987
2020.75,Motor vehicles & parts,108.681
2020.75,Gas stations,36.464
2020.8333,Department stores,9.636
2020.8333,Online & other nonstore,85.531
2020.8333,Clothing stores,18.596
2020.8333,Grocery stores,62.55
2020.8333,Electronics & appliance,6.598
2020.8333,"Sporting goods, hobby, books",7.255
2020.8333,Furniture stores,10.188
2020.8333,Building materials & garden,36.236
2020.8333,Health & personal care,29.583
2020.8333,Motor vehicles & parts,107.494
2020.8333,Gas stations,35.46
2020.9167,Department stores,9.704
2020.9167,Online & other nonstore,86.766
2020.9167,Clothing stores,19.382
2020.9167,Grocery stores,62.379
2020.9167,Electronics & appliance,6.315
2020.9167,"Sporting goods, hobby, books",7.32
2020.9167,Furniture stores,10.373
2020.9167,Building materials & garden,36.208
2020.9167,Health & personal care,29.717
2020.9167,Motor vehicles & parts,109.545
2020.9167,Gas stations,38.762
2021.0,Department stores,10.442
2021.0,Online & other nonstore,86.557
2021.0,Clothing stores,20.099
2021.0,Grocery stores,63.22
2021.0,Electronics & appliance,7.143
2021.0,"Sporting goods, hobby, books",8.078
2021.0,Furniture stores,11.555
2021.0,Building materials & garden,38.53
2021.0,Health & personal care,29.812
2021.0,Motor vehicles & parts,112.757
2021.0,Gas stations,40.778
2021.0833,Department stores,9.849
2021.0833,Online & other nonstore,84.342
2021.0833,Clothing stores,19.154
2021.0833,Grocery stores,63.56
2021.0833,Electronics & appliance,6.869
2021.0833,"Sporting goods, hobby, books",7.288
2021.0833,Furniture stores,10.9
2021.0833,Building materials & garden,36.716
2021.0833,Health & personal care,29.636
2021.0833,Motor vehicles & parts,108.89
2021.0833,Gas stations,41.568
2021.1667,Department stores,11.232
2021.1667,Online & other nonstore,89.52
2021.1667,Clothing stores,23.506
2021.1667,Grocery stores,63.736
2021.1667,Electronics & appliance,8.059
2021.1667,"Sporting goods, hobby, books",8.825
2021.1667,Furniture stores,11.734
2021.1667,Building materials & garden,41.91
2021.1667,Health & personal care,32.09
2021.1667,Motor vehicles & parts,127.776
2021.1667,Gas stations,46.295
2021.25,Department stores,11.129
2021.25,Online & other nonstore,89.701
2021.25,Clothing stores,23.453
2021.25,Grocery stores,64.264
2021.25,Electronics & appliance,8.092
2021.25,"Sporting goods, hobby, books",8.677
2021.25,Furniture stores,11.779
2021.25,Building materials & garden,41.953
2021.25,Health & personal care,31.957
2021.25,Motor vehicles & parts,130.966
2021.25,Gas stations,44.854
2021.3333,Department stores,11.3
2021.3333,Online & other nonstore,89.17
2021.3333,Clothing stores,24.044
2021.3333,Grocery stores,64.916
2021.3333,Electronics & appliance,7.94
2021.3333,"Sporting goods, hobby, books",8.382
2021.3333,Furniture stores,11.58
2021.3333,Building materials & garden,40.226
2021.3333,Health & personal care,31.321
2021.3333,Motor vehicles & parts,128.164
2021.3333,Gas stations,45.439
2021.4167,Department stores,11.5
2021.4167,Online & other nonstore,91.456
2021.4167,Clothing stores,24.979
2021.4167,Grocery stores,65.854
2021.4167,Electronics & appliance,8.288
2021.4167,"Sporting goods, hobby, books",8.319
2021.4167,Furniture stores,11.488
2021.4167,Building materials & garden,39.712
2021.4167,Health & personal care,32.334
2021.4167,Motor vehicles & parts,125.068
2021.4167,Gas stations,46.633
2021.5,Department stores,11.286
2021.5,Online & other nonstore,86.305
2021.5,Clothing stores,24.315
2021.5,Grocery stores,65.495
2021.5,Electronics & appliance,8.099
2021.5,"Sporting goods, hobby, books",8.103
2021.5,Furniture stores,11.51
2021.5,Building materials & garden,38.865
2021.5,Health & personal care,32.225
2021.5,Motor vehicles & parts,120.301
2021.5,Gas stations,47.333
2021.5833,Department stores,11.245
2021.5833,Online & other nonstore,90.676
2021.5833,Clothing stores,23.905
2021.5833,Grocery stores,67.212
2021.5833,Electronics & appliance,7.822
2021.5833,"Sporting goods, hobby, books",8.12
2021.5833,Furniture stores,11.464
2021.5833,Building materials & garden,38.76
2021.5833,Health & personal care,32.429
2021.5833,Motor vehicles & parts,117.047
2021.5833,Gas stations,48.498
2021.6667,Department stores,11.283
2021.6667,Online & other nonstore,90.878
2021.6667,Clothing stores,24.228
2021.6667,Grocery stores,67.408
2021.6667,Electronics & appliance,7.725
2021.6667,"Sporting goods, hobby, books",8.072
2021.6667,Furniture stores,11.501
2021.6667,Building materials & garden,38.996
2021.6667,Health & personal care,32.183
2021.6667,Motor vehicles & parts,118.118
2021.6667,Gas stations,50.625
2021.75,Department stores,11.437
2021.75,Online & other nonstore,93.607
2021.75,Clothing stores,24.412
2021.75,Grocery stores,67.847
2021.75,Electronics & appliance,8.195
2021.75,"Sporting goods, hobby, books",8.085
2021.75,Furniture stores,11.763
2021.75,Building materials & garden,39.698
2021.75,Health & personal care,32.099
2021.75,Motor vehicles & parts,120.015
2021.75,Gas stations,51.759
2021.8333,Department stores,11.344
2021.8333,Online & other nonstore,94.485
2021.8333,Clothing stores,25.012
2021.8333,Grocery stores,67.923
2021.8333,Electronics & appliance,7.309
2021.8333,"Sporting goods, hobby, books",8.318
2021.8333,Furniture stores,11.607
2021.8333,Building materials & garden,40.804
2021.8333,Health & personal care,32.49
2021.8333,Motor vehicles & parts,121.997
2021.8333,Gas stations,52.811
2021.9167,Department stores,11.177
2021.9167,Online & other nonstore,93.678
2021.9167,Clothing stores,23.938
2021.9167,Grocery stores,68.462
2021.9167,Electronics & appliance,7.236
2021.9167,"Sporting goods, hobby, books",8.085
2021.9167,Furniture stores,11.167
2021.9167,Building materials & garden,41.064
2021.9167,Health & personal care,32.39
2021.9167,Motor vehicles & parts,118.762
2021.9167,Gas stations,54.158
2022.0,Department stores,11.17
2022.0,Online & other nonstore,97.654
2022.0,Clothing stores,23.163
2022.0,Grocery stores,68.921
2022.0,Electronics & appliance,7.293
2022.0,"Sporting goods, hobby, books",7.891
2022.0,Furniture stores,11.538
2022.0,Building materials & garden,42.35
2022.0,Health & personal care,32.664
2022.0,Motor vehicles & parts,127.081
2022.0,Gas stations,53.402
2022.0833,Department stores,11.269
2022.0833,Online & other nonstore,96.745
2022.0833,Clothing stores,23.91
2022.0833,Grocery stores,68.985
2022.0833,Electronics & appliance,7.467
2022.0833,"Sporting goods, hobby, books",8.192
2022.0833,Furniture stores,11.645
2022.0833,Building materials & garden,41.952
2022.0833,Health & personal care,32.416
2022.0833,Motor vehicles & parts,127.23
2022.0833,Gas stations,55.679
2022.1667,Department stores,11.378
2022.1667,Online & other nonstore,96.971
2022.1667,Clothing stores,25.056
2022.1667,Grocery stores,69.765
2022.1667,Electronics & appliance,8.118
2022.1667,"Sporting goods, hobby, books",8.265
2022.1667,Furniture stores,11.888
2022.1667,Building materials & garden,42.837
2022.1667,Health & personal care,32.553
2022.1667,Motor vehicles & parts,125.665
2022.1667,Gas stations,62.953
2022.25,Department stores,11.495
2022.25,Online & other nonstore,98.399
2022.25,Clothing stores,25.103
2022.25,Grocery stores,69.98
2022.25,Electronics & appliance,8.316
2022.25,"Sporting goods, hobby, books",8.215
2022.25,Furniture stores,12.199
2022.25,Building materials & garden,42.862
2022.25,Health & personal care,32.838
2022.25,Motor vehicles & parts,127.991
2022.25,Gas stations,63.397
2022.3333,Department stores,11.492
2022.3333,Online & other nonstore,99.398
2022.3333,Clothing stores,24.53
2022.3333,Grocery stores,70.847
2022.3333,Electronics & appliance,7.881
2022.3333,"Sporting goods, hobby, books",8.181
2022.3333,Furniture stores,11.953
2022.3333,Building materials & garden,42.483
2022.3333,Health & personal care,32.656
2022.3333,Motor vehicles & parts,123.204
2022.3333,Gas stations,66.444
2022.4167,Department stores,11.4
2022.4167,Online & other nonstore,99.221
2022.4167,Clothing stores,24.674
2022.4167,Grocery stores,71.739
2022.4167,Electronics & appliance,7.76
2022.4167,"Sporting goods, hobby, books",8.213
2022.4167,Furniture stores,11.772
2022.4167,Building materials & garden,42.396
2022.4167,Health & personal care,33.212
2022.4167,Motor vehicles & parts,124.585
2022.4167,Gas stations,67.974
2022.5,Department stores,11.305
2022.5,Online & other nonstore,100.236
2022.5,Clothing stores,24.136
2022.5,Grocery stores,71.225
2022.5,Electronics & appliance,7.803
2022.5,"Sporting goods, hobby, books",8.257
2022.5,Furniture stores,11.631
2022.5,Building materials & garden,42.405
2022.5,Health & personal care,33.431
2022.5,Motor vehicles & parts,121.67
2022.5,Gas stations,65.773
2022.5833,Department stores,11.402
2022.5833,Online & other nonstore,101.283
2022.5833,Clothing stores,24.499
2022.5833,Grocery stores,71.601
2022.5833,Electronics & appliance,7.764
2022.5833,"Sporting goods, hobby, books",8.315
2022.5833,Furniture stores,11.776
2022.5833,Building materials & garden,42.823
2022.5833,Health & personal care,33.318
2022.5833,Motor vehicles & parts,125.193
2022.5833,Gas stations,60.942
2022.6667,Department stores,11.566
2022.6667,Online & other nonstore,101.526
2022.6667,Clothing stores,24.693
2022.6667,Grocery stores,72.067
2022.6667,Electronics & appliance,7.722
2022.6667,"Sporting goods, hobby, books",8.301
2022.6667,Furniture stores,11.665
2022.6667,Building materials & garden,42.51
2022.6667,Health & personal care,33.529
2022.6667,Motor vehicles & parts,124.363
2022.6667,Gas stations,59.157
2022.75,Department stores,11.395
2022.75,Online & other nonstore,102.031
2022.75,Clothing stores,24.713
2022.75,Grocery stores,72.813
2022.75,Electronics & appliance,7.639
2022.75,"Sporting goods, hobby, books",8.342
2022.75,Furniture stores,11.961
2022.75,Building materials & garden,42.724
2022.75,Health & personal care,33.673
2022.75,Motor vehicles & parts,126.809
2022.75,Gas stations,60.362
2022.8333,Department stores,11.193
2022.8333,Online & other nonstore,99.902
2022.8333,Clothing stores,24.512
2022.8333,Grocery stores,73.118
2022.8333,Electronics & appliance,7.044
2022.8333,"Sporting goods, hobby, books",8.221
2022.8333,Furniture stores,11.473
2022.8333,Building materials & garden,41.459
2022.8333,Health & personal care,33.896
2022.8333,Motor vehicles & parts,123.35
2022.8333,Gas stations,59.425
2022.9167,Department stores,11.233
2022.9167,Online & other nonstore,101.964
2022.9167,Clothing stores,24.019
2022.9167,Grocery stores,72.969
2022.9167,Electronics & appliance,6.89
2022.9167,"Sporting goods, hobby, books",8.351
2022.9167,Furniture stores,11.115
2022.9167,Building materials & garden,41.847
2022.9167,Health & personal care,33.098
2022.9167,Motor vehicles & parts,119.551
2022.9167,Gas stations,56.216
2023.0,Department stores,11.77
2023.0,Online & other nonstore,104.751
2023.0,Clothing stores,24.95
2023.0,Grocery stores,72.415
2023.0,Electronics & appliance,7.876
2023.0,"Sporting goods, hobby, books",8.283
2023.0,Furniture stores,12.652
2023.0,Building materials & garden,42.941
2023.0,Health & personal care,34.603
2023.0,Motor vehicles & parts,132.373
2023.0,Gas stations,56.081
2023.0833,Department stores,11.516
2023.0833,Online & other nonstore,105.415
2023.0833,Clothing stores,24.66
2023.0833,Grocery stores,73.258
2023.0833,Electronics & appliance,7.641
2023.0833,"Sporting goods, hobby, books",8.209
2023.0833,Furniture stores,11.864
2023.0833,Building materials & garden,42.268
2023.0833,Health & personal care,35.07
2023.0833,Motor vehicles & parts,128.257
2023.0833,Gas stations,54.81
2023.1667,Department stores,11.231
2023.1667,Online & other nonstore,105.376
2023.1667,Clothing stores,24.41
2023.1667,Grocery stores,72.847
2023.1667,Electronics & appliance,7.651
2023.1667,"Sporting goods, hobby, books",8.175
2023.1667,Furniture stores,11.588
2023.1667,Building materials & garden,40.431
2023.1667,Health & personal care,35.207
2023.1667,Motor vehicles & parts,126.396
2023.1667,Gas stations,54.608
2023.25,Department stores,11.124
2023.25,Online & other nonstore,107.781
2023.25,Clothing stores,24.368
2023.25,Grocery stores,72.589
2023.25,Electronics & appliance,7.533
2023.25,"Sporting goods, hobby, books",8.303
2023.25,Furniture stores,11.416
2023.25,Building materials & garden,40.815
2023.25,Health & personal care,35.493
2023.25,Motor vehicles & parts,127.973
2023.25,Gas stations,53.966
2023.3333,Department stores,11.106
2023.3333,Online & other nonstore,108.412
2023.3333,Clothing stores,24.29
2023.3333,Grocery stores,72.567
2023.3333,Electronics & appliance,7.521
2023.3333,"Sporting goods, hobby, books",8.218
2023.3333,Furniture stores,11.293
2023.3333,Building materials & garden,41.622
2023.3333,Health & personal care,35.745
2023.3333,Motor vehicles & parts,130.11
2023.3333,Gas stations,52.642
2023.4167,Department stores,10.797
2023.4167,Online & other nonstore,109.037
2023.4167,Clothing stores,24.402
2023.4167,Grocery stores,72.416
2023.4167,Electronics & appliance,7.61
2023.4167,"Sporting goods, hobby, books",8.2
2023.4167,Furniture stores,11.361
2023.4167,Building materials & garden,40.807
2023.4167,Health & personal care,35.734
2023.4167,Motor vehicles & parts,132.443
2023.4167,Gas stations,51.924
2023.5,Department stores,10.975
2023.5,Online & other nonstore,111.468
2023.5,Clothing stores,24.718
2023.5,Grocery stores,72.555
2023.5,Electronics & appliance,7.436
2023.5,"Sporting goods, hobby, books",8.429
2023.5,Furniture stores,11.194
2023.5,Building materials & garden,40.702
2023.5,Health & personal care,35.455
2023.5,Motor vehicles & parts,130.481
2023.5,Gas stations,52.062
2023.5833,Department stores,11.071
2023.5833,Online & other nonstore,111.35
2023.5833,Clothing stores,25.104
2023.5833,Grocery stores,73.142
2023.5833,Electronics & appliance,7.571
2023.5833,"Sporting goods, hobby, books",8.182
2023.5833,Furniture stores,11.178
2023.5833,Building materials & garden,40.914
2023.5833,Health & personal care,36.097
2023.5833,Motor vehicles & parts,131.374
2023.5833,Gas stations,55.75
2023.6667,Department stores,11.02
2023.6667,Online & other nonstore,112.267
2023.6667,Clothing stores,24.811
2023.6667,Grocery stores,73.129
2023.6667,Electronics & appliance,7.661
2023.6667,"Sporting goods, hobby, books",8.136
2023.6667,Furniture stores,10.971
2023.6667,Building materials & garden,40.631
2023.6667,Health & personal care,36.011
2023.6667,Motor vehicles & parts,132.828
2023.6667,Gas stations,57.541
2023.75,Department stores,10.884
2023.75,Online & other nonstore,112.127
2023.75,Clothing stores,24.683
2023.75,Grocery stores,73.164
2023.75,Electronics & appliance,7.629
2023.75,"Sporting goods, hobby, books",8.124
2023.75,Furniture stores,10.881
2023.75,Building materials & garden,40.338
2023.75,Health & personal care,37.298
2023.75,Motor vehicles & parts,130.458
2023.75,Gas stations,55.631
2023.8333,Department stores,10.669
2023.8333,Online & other nonstore,112.097
2023.8333,Clothing stores,24.838
2023.8333,Grocery stores,73.358
2023.8333,Electronics & appliance,7.365
2023.8333,"Sporting goods, hobby, books",8.173
2023.8333,Furniture stores,11.052
2023.8333,Building materials & garden,40.323
2023.8333,Health & personal care,37.15
2023.8333,Motor vehicles & parts,130.084
2023.8333,Gas stations,53.661
2023.9167,Department stores,11.01
2023.9167,Online & other nonstore,114.302
2023.9167,Clothing stores,25.141
2023.9167,Grocery stores,73.098
2023.9167,Electronics & appliance,7.136
2023.9167,"Sporting goods, hobby, books",7.979
2023.9167,Furniture stores,10.659
2023.9167,Building materials & garden,40.72
2023.9167,Health & personal care,36.21
2023.9167,Motor vehicles & parts,130.225
2023.9167,Gas stations,52.958
2024.0,Department stores,11.039
2024.0,Online & other nonstore,112.623
2024.0,Clothing stores,24.838
2024.0,Grocery stores,72.939
2024.0,Electronics & appliance,7.714
2024.0,"Sporting goods, hobby, books",8.043
2024.0,Furniture stores,10.864
2024.0,Building materials & garden,39.535
2024.0,Health & personal care,35.827
2024.0,Motor vehicles & parts,129.356
2024.0,Gas stations,51.918
2024.0833,Department stores,11.128
2024.0833,Online & other nonstore,112.045
2024.0833,Clothing stores,25.122
2024.0833,Grocery stores,72.894
2024.0833,Electronics & appliance,7.769
2024.0833,"Sporting goods, hobby, books",8.151
2024.0833,Furniture stores,10.787
2024.0833,Building materials & garden,40.215
2024.0833,Health & personal care,35.765
2024.0833,Motor vehicles & parts,131.471
2024.0833,Gas stations,52.755
2024.1667,Department stores,10.937
2024.1667,Online & other nonstore,116.194
2024.1667,Clothing stores,24.241
2024.1667,Grocery stores,73.333
2024.1667,Electronics & appliance,7.455
2024.1667,"Sporting goods, hobby, books",7.896
2024.1667,Furniture stores,10.61
2024.1667,Building materials & garden,40.219
2024.1667,Health & personal care,35.624
2024.1667,Motor vehicles & parts,130.215
2024.1667,Gas stations,53.76
2024.25,Department stores,10.931
2024.25,Online & other nonstore,114.459
2024.25,Clothing stores,24.923
2024.25,Grocery stores,73.818
2024.25,Electronics & appliance,7.667
2024.25,"Sporting goods, hobby, books",7.857
2024.25,Furniture stores,10.743
2024.25,Building materials & garden,39.93
2024.25,Health & personal care,35.778
2024.25,Motor vehicles & parts,129.214
2024.25,Gas stations,54.57
2024.3333,Department stores,10.936
2024.3333,Online & other nonstore,115.904
2024.3333,Clothing stores,25.212
2024.3333,Grocery stores,73.737
2024.3333,Electronics & appliance,7.752
2024.3333,"Sporting goods, hobby, books",7.876
2024.3333,Furniture stores,10.86
2024.3333,Building materials & garden,40.171
2024.3333,Health & personal care,36.028
2024.3333,Motor vehicles & parts,132.64
2024.3333,Gas stations,53.407
2024.4167,Department stores,10.983
2024.4167,Online & other nonstore,119.836
2024.4167,Clothing stores,25.247
2024.4167,Grocery stores,73.982
2024.4167,Electronics & appliance,7.636
2024.4167,"Sporting goods, hobby, books",7.917
2024.4167,Furniture stores,10.993
2024.4167,Building materials & garden,40.389
2024.4167,Health & personal care,36.021
2024.4167,Motor vehicles & parts,128.483
2024.4167,Gas stations,52.657
2024.5,Department stores,10.955
2024.5,Online & other nonstore,118.001
2024.5,Clothing stores,25.279
2024.5,Grocery stores,74.588
2024.5,Electronics & appliance,7.666
2024.5,"Sporting goods, hobby, books",7.757
2024.5,Furniture stores,11.079
2024.5,Building materials & garden,40.925
2024.5,Health & personal care,37.535
2024.5,Motor vehicles & parts,132.828
2024.5,Gas stations,52.692
2024.5833,Department stores,10.839
2024.5833,Online & other nonstore,117.908
2024.5833,Clothing stores,24.957
2024.5833,Grocery stores,74.216
2024.5833,Electronics & appliance,7.504
2024.5833,"Sporting goods, hobby, books",7.801
2024.5833,Furniture stores,11.144
2024.5833,Building materials & garden,40.896
2024.5833,Health & personal care,37.678
2024.5833,Motor vehicles & parts,132.195
2024.5833,Gas stations,52.126
2024.6667,Department stores,10.887
2024.6667,Online & other nonstore,120.673
2024.6667,Clothing stores,25.33
2024.6667,Grocery stores,74.93
2024.6667,Electronics & appliance,7.253
2024.6667,"Sporting goods, hobby, books",7.973
2024.6667,Furniture stores,11.356
2024.6667,Building materials & garden,41.14
2024.6667,Health & personal care,38.36
2024.6667,Motor vehicles & parts,132.259
2024.6667,Gas stations,51.209
2024.75,Department stores,10.845
2024.75,Online & other nonstore,120.66
2024.75,Clothing stores,25.52
2024.75,Grocery stores,75.141
2024.75,Electronics & appliance,7.455
2024.75,"Sporting goods, hobby, books",7.875
2024.75,Furniture stores,11.194
2024.75,Building materials & garden,41.587
2024.75,Health & personal care,38.196
2024.75,Motor vehicles & parts,135.603
2024.75,Gas stations,51.326
2024.8333,Department stores,10.811
2024.8333,Online & other nonstore,121.383
2024.8333,Clothing stores,25.483
2024.8333,Grocery stores,74.958
2024.8333,Electronics & appliance,7.497
2024.8333,"Sporting goods, hobby, books",7.845
2024.8333,Furniture stores,11.347
2024.8333,Building materials & garden,41.349
2024.8333,Health & personal care,38.085
2024.8333,Motor vehicles & parts,139.565
2024.8333,Gas stations,51.173
2024.9167,Department stores,10.805
2024.9167,Online & other nonstore,123.286
2024.9167,Clothing stores,25.89
2024.9167,Grocery stores,75.724
2024.9167,Electronics & appliance,7.507
2024.9167,"Sporting goods, hobby, books",7.95
2024.9167,Furniture stores,11.873
2024.9167,Building materials & garden,40.542
2024.9167,Health & personal care,37.831
2024.9167,Motor vehicles & parts,140.033
2024.9167,Gas stations,52.116
2025.0,Department stores,10.876
2025.0,Online & other nonstore,120.343
2025.0,Clothing stores,25.942
2025.0,Grocery stores,75.687
2025.0,Electronics & appliance,7.484
2025.0,"Sporting goods, hobby, books",7.872
2025.0,Furniture stores,11.457
2025.0,Building materials & garden,39.28
2025.0,Health & personal care,37.806
2025.0,Motor vehicles & parts,137.19
2025.0,Gas stations,53.218
2025.0833,Department stores,10.697
2025.0833,Online & other nonstore,123.527
2025.0833,Clothing stores,25.599
2025.0833,Grocery stores,76.08
2025.0833,Electronics & appliance,7.526
2025.0833,"Sporting goods, hobby, books",7.689
2025.0833,Furniture stores,11.566
2025.0833,Building materials & garden,39.683
2025.0833,Health & personal care,38.865
2025.0833,Motor vehicles & parts,133.812
2025.0833,Gas stations,52.733
2025.1667,Department stores,10.66
2025.1667,Online & other nonstore,123.014
2025.1667,Clothing stores,26.029
2025.1667,Grocery stores,76.156
2025.1667,Electronics & appliance,7.61
2025.1667,"Sporting goods, hobby, books",8.179
2025.1667,Furniture stores,11.412
2025.1667,Building materials & garden,40.47
2025.1667,Health & personal care,39.145
2025.1667,Motor vehicles & parts,142.322
2025.1667,Gas stations,51.342
2025.25,Online & other nonstore,123.959
2025.25,Clothing stores,26.209
2025.25,Grocery stores,76.046
2025.25,Electronics & appliance,7.586
2025.25,"Sporting goods, hobby, books",7.836
2025.25,Furniture stores,11.518
2025.25,Building materials & garden,40.711
2025.25,Health & personal care,39.198
2025.25,Motor vehicles & parts,141.2
2025.25,Gas stations,50.887
2025.3333,Online & other nonstore,124.786
2025.3333,Clothing stores,26.307
2025.3333,Grocery stores,75.413
2025.3333,Electronics & appliance,7.628
2025.3333,"Sporting goods, hobby, books",7.948
2025.3333,Furniture stores,11.335
2025.3333,Building materials & garden,39.682
2025.3333,Health & personal care,39.143
2025.3333,Motor vehicles & parts,134.471
2025.3333,Gas stations,50.267
2025.4167,Online & other nonstore,124.574
2025.4167,Clothing stores,26.647
2025.4167,Grocery stores,76.229
2025.4167,Electronics & appliance,7.619
2025.4167,"Sporting goods, hobby, books",7.94
2025.4167,Furniture stores,11.336
2025.4167,Building materials & garden,40.251
2025.4167,Health & personal care,39.799
2025.4167,Motor vehicles & parts,135.489
2025.4167,Gas stations,50.745
2025.5,Online & other nonstore,127.11
2025.5,Clothing stores,26.953
2025.5,Grocery stores,76.36
2025.5,Electronics & appliance,7.748
2025.5,"Sporting goods, hobby, books",8.113
2025.5,Furniture stores,11.486
2025.5,Building materials & garden,39.912
2025.5,Health & personal care,40.061
2025.5,Motor vehicles & parts,138.84
2025.5,Gas stations,51.546
2025.5833,Online & other nonstore,129.257
2025.5833,Clothing stores,27.14
2025.5833,Grocery stores,76.831
2025.5833,Electronics & appliance,7.742
2025.5833,"Sporting goods, hobby, books",8.182
2025.5833,Furniture stores,11.291
2025.5833,Building materials & garden,40.055
2025.5833,Health & personal care,40.118
2025.5833,Motor vehicles & parts,139.566
2025.5833,Gas stations,51.744
2025.6667,Online & other nonstore,128.369
2025.6667,Clothing stores,26.921
2025.6667,Grocery stores,76.816
2025.6667,Electronics & appliance,7.698
2025.6667,"Sporting goods, hobby, books",8.102
2025.6667,Furniture stores,11.02
2025.6667,Building materials & garden,40.045
2025.6667,Health & personal care,40.637
2025.6667,Motor vehicles & parts,139.54
2025.6667,Gas stations,52.78
2025.75,Online & other nonstore,129.286
2025.75,Clothing stores,27.298
2025.75,Grocery stores,76.836
2025.75,Electronics & appliance,7.717
2025.75,"Sporting goods, hobby, books",8.274
2025.75,Furniture stores,11.174
2025.75,Building materials & garden,39.749
2025.75,Health & personal care,40.456
2025.75,Motor vehicles & parts,137.44
2025.75,Gas stations,52.067
2025.8333,Online & other nonstore,130.174
2025.8333,Clothing stores,27.393
2025.8333,Grocery stores,76.579
2025.8333,Electronics & appliance,7.727
2025.8333,"Sporting goods, hobby, books",8.311
2025.8333,Furniture stores,11.163
2025.8333,Building materials & garden,40.32
2025.8333,Health & personal care,40.222
2025.8333,Motor vehicles & parts,138.71
2025.8333,Gas stations,52.739
2025.9167,Online & other nonstore,130.162
2025.9167,Clothing stores,27.176
2025.9167,Grocery stores,76.63
2025.9167,Electronics & appliance,7.768
2025.9167,"Sporting goods, hobby, books",8.431
2025.9167,Furniture stores,10.953
2025.9167,Building materials & garden,40.762
2025.9167,Health & personal care,40.119
2025.9167,Motor vehicles & parts,138.645
2025.9167,Gas stations,52.937
2026.0,Online & other nonstore,132.524
2026.0,Clothing stores,27.08
2026.0,Grocery stores,76.643
2026.0,Electronics & appliance,7.857
2026.0,"Sporting goods, hobby, books",8.394
2026.0,Furniture stores,11.07
2026.0,Building materials & garden,41.065
2026.0,Health & personal care,38.913
2026.0,Motor vehicles & parts,137.619
2026.0,Gas stations,51.795
2026.0833,Online & other nonstore,134.926
2026.0833,Clothing stores,27.797
2026.0833,Grocery stores,75.785
2026.0833,Electronics & appliance,7.953
2026.0833,"Sporting goods, hobby, books",8.634
2026.0833,Furniture stores,11.023
2026.0833,Building materials & garden,41.29
2026.0833,Health & personal care,39.681
2026.0833,Motor vehicles & parts,139.02
2026.0833,Gas stations,52.66
2026.1667,Online & other nonstore,136.03
2026.1667,Clothing stores,27.854
2026.1667,Grocery stores,76.694
2026.1667,Electronics & appliance,8.069
2026.1667,"Sporting goods, hobby, books",8.659
2026.1667,Furniture stores,11.283
2026.1667,Building materials & garden,41.828
2026.1667,Health & personal care,40.178
2026.1667,Motor vehicles & parts,139.855
2026.1667,Gas stations,60.123
2026.25,Online & other nonstore,138.035
2026.25,Clothing stores,27.706
2026.25,Grocery stores,77.117
2026.25,Electronics & appliance,8.2
2026.25,"Sporting goods, hobby, books",8.885
2026.25,Furniture stores,11.152
2026.25,Building materials & garden,41.853
2026.25,Health & personal care,40.086
2026.25,Motor vehicles & parts,139.343
2026.25,Gas stations,62.364
2026.3333,Online & other nonstore,138.76
2026.3333,Clothing stores,27.986
2026.3333,Grocery stores,77.209
2026.3333,Electronics & appliance,8.149
2026.3333,"Sporting goods, hobby, books",8.897
2026.3333,Furniture stores,11.327
2026.3333,Building materials & garden,41.956
2026.3333,Health & personal care,40.372
2026.3333,Motor vehicles & parts,140.675
2026.3333,Gas stations,64.138
2026.4167,Online & other nonstore,140.047
2026.4167,Clothing stores,27.786
2026.4167,Grocery stores,77.044
2026.4167,Electronics & appliance,8.152
2026.4167,"Sporting goods, hobby, books",8.94
2026.4167,Furniture stores,11.315
2026.4167,Building materials & garden,42.456
2026.4167,Health & personal care,40.224
2026.4167,Motor vehicles & parts,143.986
2026.4167,Gas stations,60.43
2026.5,Online & other nonstore,136.899
2026.5,Clothing stores,28.313
2026.5,Grocery stores,76.993
2026.5,Electronics & appliance,8.113
2026.5,"Sporting goods, hobby, books",8.936
2026.5,Furniture stores,11.346
2026.5,Building materials & garden,42.583
2026.5,Health & personal care,40.505
2026.5,Motor vehicles & parts,141.426
2026.5,Gas stations,59.879
